alpha,role,rank,coverage,coverage_percent,gt_rank,tau_ground_truth,tau_p_value,p_at_3,rank_stability_vs_alpha_1
0.0,Penetration Tester,1,0.75,75.0,1,0.8397191227596316,0.00015658371835109398,1.0,0.9393939393939392
0.0,Cybersecurity Implementer,2,0.7272727272727273,72.72727272727273,2,0.8397191227596316,0.00015658371835109398,1.0,0.9393939393939392
0.0,Cyber Threat Intelligence Specialist,3,0.6153846153846154,61.53846153846154,3,0.8397191227596316,0.00015658371835109398,1.0,0.9393939393939392
0.0,Cybersecurity Risk Manager,4,0.5,50.0,6,0.8397191227596316,0.00015658371835109398,1.0,0.9393939393939392
0.0,Cyber Incident Responder,5,0.46153846153846156,46.15384615384615,4,0.8397191227596316,0.00015658371835109398,1.0,0.9393939393939392
0.0,Digital Forensics Investigator,6,0.4166666666666667,41.66666666666667,5,0.8397191227596316,0.00015658371835109398,1.0,0.9393939393939392
0.0,Cybersecurity Architect,7,0.4,40.0,7,0.8397191227596316,0.00015658371835109398,1.0,0.9393939393939392
0.0,Cybersecurity Educator,8,0.375,37.5,10,0.8397191227596316,0.00015658371835109398,1.0,0.9393939393939392
0.0,Cybersecurity Auditor,9,0.125,12.5,8,0.8397191227596316,0.00015658371835109398,1.0,0.9393939393939392
0.0,Chief Information Security Officer (CISO),10,0.09090909090909091,9.090909090909092,11,0.8397191227596316,0.00015658371835109398,1.0,0.9393939393939392
0.0,"Cyber Legal, Policy & Compliance Officer",11,0.0,0.0,9,0.8397191227596316,0.00015658371835109398,1.0,0.9393939393939392
0.0,Cybersecurity Researcher,12,0.0,0.0,12,0.8397191227596316,0.00015658371835109398,1.0,0.9393939393939392
0.5,Penetration Tester,1,0.7078448789499134,70.78448789499134,1,0.8091838819320085,0.00026956263420192036,1.0,0.9696969696969696
0.5,Cybersecurity Implementer,2,0.6893722899531392,68.93722899531392,2,0.8091838819320085,0.00026956263420192036,1.0,0.9696969696969696
0.5,Cyber Threat Intelligence Specialist,3,0.5833150145757331,58.33150145757331,3,0.8091838819320085,0.00026956263420192036,1.0,0.9696969696969696
0.5,Cybersecurity Risk Manager,4,0.5,50.0,6,0.8091838819320085,0.00026956263420192036,1.0,0.9696969696969696
0.5,Cyber Incident Responder,5,0.42946886072957924,42.94688607295792,4,0.8091838819320085,0.00026956263420192036,1.0,0.9696969696969696
0.5,Cybersecurity Architect,6,0.4,40.0,7,0.8091838819320085,0.00026956263420192036,1.0,0.9696969696969696
0.5,Digital Forensics Investigator,7,0.38192459912371085,38.192459912371085,5,0.8091838819320085,0.00026956263420192036,1.0,0.9696969696969696
0.5,Cybersecurity Educator,8,0.375,37.5,10,0.8091838819320085,0.00026956263420192036,1.0,0.9696969696969696
0.5,Cybersecurity Auditor,9,0.125,12.5,8,0.8091838819320085,0.00026956263420192036,1.0,0.9696969696969696
0.5,Chief Information Security Officer (CISO),10,0.09090909090909091,9.090909090909092,11,0.8091838819320085,0.00026956263420192036,1.0,0.9696969696969696
0.5,"Cyber Legal, Policy & Compliance Officer",11,0.0,0.0,9,0.8091838819320085,0.00026956263420192036,1.0,0.9696969696969696
0.5,Cybersecurity Researcher,12,0.0,0.0,12,0.8091838819320085,0.00026956263420192036,1.0,0.9696969696969696
1.0,Penetration Tester,1,0.6808333333333333,68.08333333333333,1,0.7786486411043857,0.00045583384693797125,1.0,0.9999999999999998
1.0,Cybersecurity Implementer,2,0.6672727272727272,66.72727272727272,2,0.7786486411043857,0.00045583384693797125,1.0,0.9999999999999998
1.0,Cyber Threat Intelligence Specialist,3,0.5646153846153846,56.46153846153846,3,0.7786486411043857,0.00045583384693797125,1.0,0.9999999999999998
1.0,Cybersecurity Risk Manager,4,0.5,50.0,6,0.7786486411043857,0.00045583384693797125,1.0,0.9999999999999998
1.0,Cyber Incident Responder,5,0.4107692307692308,41.07692307692308,4,0.7786486411043857,0.00045583384693797125,1.0,0.9999999999999998
1.0,Cybersecurity Architect,6,0.4,40.0,7,0.7786486411043857,0.00045583384693797125,1.0,0.9999999999999998
1.0,Cybersecurity Educator,7,0.375,37.5,10,0.7786486411043857,0.00045583384693797125,1.0,0.9999999999999998
1.0,Digital Forensics Investigator,8,0.36166666666666664,36.166666666666664,5,0.7786486411043857,0.00045583384693797125,1.0,0.9999999999999998
1.0,Cybersecurity Auditor,9,0.125,12.5,8,0.7786486411043857,0.00045583384693797125,1.0,0.9999999999999998
1.0,Chief Information Security Officer (CISO),10,0.09090909090909091,9.090909090909092,11,0.7786486411043857,0.00045583384693797125,1.0,0.9999999999999998
1.0,"Cyber Legal, Policy & Compliance Officer",11,0.0,0.0,9,0.7786486411043857,0.00045583384693797125,1.0,0.9999999999999998
1.0,Cybersecurity Researcher,12,0.0,0.0,12,0.7786486411043857,0.00045583384693797125,1.0,0.9999999999999998
2.0,Penetration Tester,1,0.650375,65.03750000000001,1,0.7481134002767627,0.0007572036287256304,1.0,0.9696969696969696
2.0,Cybersecurity Implementer,2,0.6468727272727273,64.68727272727273,2,0.7481134002767627,0.0007572036287256304,1.0,0.9696969696969696
2.0,Cyber Threat Intelligence Specialist,3,0.5473538461538461,54.73538461538461,3,0.7481134002767627,0.0007572036287256304,1.0,0.9696969696969696
2.0,Cybersecurity Risk Manager,4,0.5,50.0,6,0.7481134002767627,0.0007572036287256304,1.0,0.9696969696969696
2.0,Cybersecurity Architect,5,0.4,40.0,7,0.7481134002767627,0.0007572036287256304,1.0,0.9696969696969696
2.0,Cyber Incident Responder,6,0.3935076923076923,39.35076923076923,4,0.7481134002767627,0.0007572036287256304,1.0,0.9696969696969696
2.0,Cybersecurity Educator,7,0.375,37.5,10,0.7481134002767627,0.0007572036287256304,1.0,0.9696969696969696
2.0,Digital Forensics Investigator,8,0.34296666666666664,34.29666666666667,5,0.7481134002767627,0.0007572036287256304,1.0,0.9696969696969696
2.0,Cybersecurity Auditor,9,0.125,12.5,8,0.7481134002767627,0.0007572036287256304,1.0,0.9696969696969696
2.0,Chief Information Security Officer (CISO),10,0.09090909090909091,9.090909090909092,11,0.7481134002767627,0.0007572036287256304,1.0,0.9696969696969696
2.0,"Cyber Legal, Policy & Compliance Officer",11,0.0,0.0,9,0.7481134002767627,0.0007572036287256304,1.0,0.9696969696969696
2.0,Cybersecurity Researcher,12,0.0,0.0,12,0.7481134002767627,0.0007572036287256304,1.0,0.9696969696969696
3.0,Cybersecurity Implementer,1,0.6399367272727272,63.993672727272724,2,0.7175781594491397,0.001235678681634664,1.0,0.9393939393939392
3.0,Penetration Tester,2,0.6342575833333333,63.42575833333333,1,0.7175781594491397,0.001235678681634664,1.0,0.9393939393939392
3.0,Cyber Threat Intelligence Specialist,3,0.5414849230769231,54.14849230769231,3,0.7175781594491397,0.001235678681634664,1.0,0.9393939393939392
3.0,Cybersecurity Risk Manager,4,0.5,50.0,6,0.7175781594491397,0.001235678681634664,1.0,0.9393939393939392
3.0,Cybersecurity Architect,5,0.4,40.0,7,0.7175781594491397,0.001235678681634664,1.0,0.9393939393939392
3.0,Cyber Incident Responder,6,0.3876387692307692,38.763876923076914,4,0.7175781594491397,0.001235678681634664,1.0,0.9393939393939392
3.0,Cybersecurity Educator,7,0.375,37.5,10,0.7175781594491397,0.001235678681634664,1.0,0.9393939393939392
3.0,Digital Forensics Investigator,8,0.3366086666666666,33.660866666666664,5,0.7175781594491397,0.001235678681634664,1.0,0.9393939393939392
3.0,Cybersecurity Auditor,9,0.125,12.5,8,0.7175781594491397,0.001235678681634664,1.0,0.9393939393939392
3.0,Chief Information Security Officer (CISO),10,0.09090909090909091,9.090909090909092,11,0.7175781594491397,0.001235678681634664,1.0,0.9393939393939392
3.0,"Cyber Legal, Policy & Compliance Officer",11,0.0,0.0,9,0.7175781594491397,0.001235678681634664,1.0,0.9393939393939392
3.0,Cybersecurity Researcher,12,0.0,0.0,12,0.7175781594491397,0.001235678681634664,1.0,0.9393939393939392
