lambda_match_strength,role,coverage,coverage_percent,rank,gt_rank,kendall_tau_ground_truth,kendall_p_value,p_at_3,tau_change_vs_lambda_1,p3_change_vs_lambda_1,status
0.0,Penetration Tester,0.0,0.0,NA,1,NA,NA,NA,NA,NA,degenerate_all_scores_zero
0.0,Cybersecurity Implementer,0.0,0.0,NA,2,NA,NA,NA,NA,NA,degenerate_all_scores_zero
0.0,Cyber Threat Intelligence Specialist,0.0,0.0,NA,3,NA,NA,NA,NA,NA,degenerate_all_scores_zero
0.0,Cyber Incident Responder,0.0,0.0,NA,4,NA,NA,NA,NA,NA,degenerate_all_scores_zero
0.0,Digital Forensics Investigator,0.0,0.0,NA,5,NA,NA,NA,NA,NA,degenerate_all_scores_zero
0.0,Cybersecurity Risk Manager,0.0,0.0,NA,6,NA,NA,NA,NA,NA,degenerate_all_scores_zero
0.0,Cybersecurity Architect,0.0,0.0,NA,7,NA,NA,NA,NA,NA,degenerate_all_scores_zero
0.0,Cybersecurity Auditor,0.0,0.0,NA,8,NA,NA,NA,NA,NA,degenerate_all_scores_zero
0.0,"Cyber Legal, Policy & Compliance Officer",0.0,0.0,NA,9,NA,NA,NA,NA,NA,degenerate_all_scores_zero
0.0,Cybersecurity Educator,0.0,0.0,NA,10,NA,NA,NA,NA,NA,degenerate_all_scores_zero
0.0,Chief Information Security Officer (CISO),0.0,0.0,NA,11,NA,NA,NA,NA,NA,degenerate_all_scores_zero
0.0,Cybersecurity Researcher,0.0,0.0,NA,12,NA,NA,NA,NA,NA,degenerate_all_scores_zero
0.1,Penetration Tester,0.06808333333333333,6.808333333333333,1,1,0.7786486411043857,0.00045583384693797125,1.0,0.0,0.0,valid
0.1,Cybersecurity Implementer,0.06672727272727273,6.672727272727273,2,2,0.7786486411043857,0.00045583384693797125,1.0,0.0,0.0,valid
0.1,Cyber Threat Intelligence Specialist,0.056461538461538466,5.6461538461538465,3,3,0.7786486411043857,0.00045583384693797125,1.0,0.0,0.0,valid
0.1,Cybersecurity Risk Manager,0.05,5.0,4,6,0.7786486411043857,0.00045583384693797125,1.0,0.0,0.0,valid
0.1,Cyber Incident Responder,0.04107692307692308,4.107692307692308,5,4,0.7786486411043857,0.00045583384693797125,1.0,0.0,0.0,valid
0.1,Cybersecurity Architect,0.04000000000000001,4.000000000000001,6,7,0.7786486411043857,0.00045583384693797125,1.0,0.0,0.0,valid
0.1,Cybersecurity Educator,0.037500000000000006,3.7500000000000004,7,10,0.7786486411043857,0.00045583384693797125,1.0,0.0,0.0,valid
0.1,Digital Forensics Investigator,0.036166666666666666,3.6166666666666667,8,5,0.7786486411043857,0.00045583384693797125,1.0,0.0,0.0,valid
0.1,Cybersecurity Auditor,0.0125,1.25,9,8,0.7786486411043857,0.00045583384693797125,1.0,0.0,0.0,valid
0.1,Chief Information Security Officer (CISO),0.009090909090909092,0.9090909090909092,10,11,0.7786486411043857,0.00045583384693797125,1.0,0.0,0.0,valid
0.1,"Cyber Legal, Policy & Compliance Officer",0.0,0.0,11,9,0.7786486411043857,0.00045583384693797125,1.0,0.0,0.0,valid
0.1,Cybersecurity Researcher,0.0,0.0,12,12,0.7786486411043857,0.00045583384693797125,1.0,0.0,0.0,valid
0.2,Penetration Tester,0.13616666666666666,13.616666666666665,1,1,0.7786486411043857,0.00045583384693797125,1.0,0.0,0.0,valid
0.2,Cybersecurity Implementer,0.13345454545454546,13.345454545454546,2,2,0.7786486411043857,0.00045583384693797125,1.0,0.0,0.0,valid
0.2,Cyber Threat Intelligence Specialist,0.11292307692307693,11.292307692307693,3,3,0.7786486411043857,0.00045583384693797125,1.0,0.0,0.0,valid
0.2,Cybersecurity Risk Manager,0.1,10.0,4,6,0.7786486411043857,0.00045583384693797125,1.0,0.0,0.0,valid
0.2,Cyber Incident Responder,0.08215384615384616,8.215384615384616,5,4,0.7786486411043857,0.00045583384693797125,1.0,0.0,0.0,valid
0.2,Cybersecurity Architect,0.08000000000000002,8.000000000000002,6,7,0.7786486411043857,0.00045583384693797125,1.0,0.0,0.0,valid
0.2,Cybersecurity Educator,0.07500000000000001,7.500000000000001,7,10,0.7786486411043857,0.00045583384693797125,1.0,0.0,0.0,valid
0.2,Digital Forensics Investigator,0.07233333333333333,7.233333333333333,8,5,0.7786486411043857,0.00045583384693797125,1.0,0.0,0.0,valid
0.2,Cybersecurity Auditor,0.025,2.5,9,8,0.7786486411043857,0.00045583384693797125,1.0,0.0,0.0,valid
0.2,Chief Information Security Officer (CISO),0.018181818181818184,1.8181818181818183,10,11,0.7786486411043857,0.00045583384693797125,1.0,0.0,0.0,valid
0.2,"Cyber Legal, Policy & Compliance Officer",0.0,0.0,11,9,0.7786486411043857,0.00045583384693797125,1.0,0.0,0.0,valid
0.2,Cybersecurity Researcher,0.0,0.0,12,12,0.7786486411043857,0.00045583384693797125,1.0,0.0,0.0,valid
0.3,Penetration Tester,0.20425,20.424999999999997,1,1,0.7786486411043857,0.00045583384693797125,1.0,0.0,0.0,valid
0.3,Cybersecurity Implementer,0.20018181818181816,20.018181818181816,2,2,0.7786486411043857,0.00045583384693797125,1.0,0.0,0.0,valid
0.3,Cyber Threat Intelligence Specialist,0.16938461538461538,16.93846153846154,3,3,0.7786486411043857,0.00045583384693797125,1.0,0.0,0.0,valid
0.3,Cybersecurity Risk Manager,0.15,15.0,4,6,0.7786486411043857,0.00045583384693797125,1.0,0.0,0.0,valid
0.3,Cyber Incident Responder,0.12323076923076923,12.323076923076922,5,4,0.7786486411043857,0.00045583384693797125,1.0,0.0,0.0,valid
0.3,Cybersecurity Architect,0.12,12.0,6,7,0.7786486411043857,0.00045583384693797125,1.0,0.0,0.0,valid
0.3,Cybersecurity Educator,0.11249999999999999,11.249999999999998,7,10,0.7786486411043857,0.00045583384693797125,1.0,0.0,0.0,valid
0.3,Digital Forensics Investigator,0.10849999999999999,10.849999999999998,8,5,0.7786486411043857,0.00045583384693797125,1.0,0.0,0.0,valid
0.3,Cybersecurity Auditor,0.0375,3.75,9,8,0.7786486411043857,0.00045583384693797125,1.0,0.0,0.0,valid
0.3,Chief Information Security Officer (CISO),0.02727272727272727,2.727272727272727,10,11,0.7786486411043857,0.00045583384693797125,1.0,0.0,0.0,valid
0.3,"Cyber Legal, Policy & Compliance Officer",0.0,0.0,11,9,0.7786486411043857,0.00045583384693797125,1.0,0.0,0.0,valid
0.3,Cybersecurity Researcher,0.0,0.0,12,12,0.7786486411043857,0.00045583384693797125,1.0,0.0,0.0,valid
0.4,Penetration Tester,0.2723333333333333,27.23333333333333,1,1,0.7786486411043857,0.00045583384693797125,1.0,0.0,0.0,valid
0.4,Cybersecurity Implementer,0.26690909090909093,26.69090909090909,2,2,0.7786486411043857,0.00045583384693797125,1.0,0.0,0.0,valid
0.4,Cyber Threat Intelligence Specialist,0.22584615384615386,22.584615384615386,3,3,0.7786486411043857,0.00045583384693797125,1.0,0.0,0.0,valid
0.4,Cybersecurity Risk Manager,0.2,20.0,4,6,0.7786486411043857,0.00045583384693797125,1.0,0.0,0.0,valid
0.4,Cyber Incident Responder,0.16430769230769232,16.430769230769233,5,4,0.7786486411043857,0.00045583384693797125,1.0,0.0,0.0,valid
0.4,Cybersecurity Architect,0.16000000000000003,16.000000000000004,6,7,0.7786486411043857,0.00045583384693797125,1.0,0.0,0.0,valid
0.4,Cybersecurity Educator,0.15000000000000002,15.000000000000002,7,10,0.7786486411043857,0.00045583384693797125,1.0,0.0,0.0,valid
0.4,Digital Forensics Investigator,0.14466666666666667,14.466666666666667,8,5,0.7786486411043857,0.00045583384693797125,1.0,0.0,0.0,valid
0.4,Cybersecurity Auditor,0.05,5.0,9,8,0.7786486411043857,0.00045583384693797125,1.0,0.0,0.0,valid
0.4,Chief Information Security Officer (CISO),0.03636363636363637,3.6363636363636367,10,11,0.7786486411043857,0.00045583384693797125,1.0,0.0,0.0,valid
0.4,"Cyber Legal, Policy & Compliance Officer",0.0,0.0,11,9,0.7786486411043857,0.00045583384693797125,1.0,0.0,0.0,valid
0.4,Cybersecurity Researcher,0.0,0.0,12,12,0.7786486411043857,0.00045583384693797125,1.0,0.0,0.0,valid
0.5,Penetration Tester,0.34041666666666665,34.041666666666664,1,1,0.7786486411043857,0.00045583384693797125,1.0,0.0,0.0,valid
0.5,Cybersecurity Implementer,0.3336363636363636,33.36363636363636,2,2,0.7786486411043857,0.00045583384693797125,1.0,0.0,0.0,valid
0.5,Cyber Threat Intelligence Specialist,0.2823076923076923,28.23076923076923,3,3,0.7786486411043857,0.00045583384693797125,1.0,0.0,0.0,valid
0.5,Cybersecurity Risk Manager,0.25,25.0,4,6,0.7786486411043857,0.00045583384693797125,1.0,0.0,0.0,valid
0.5,Cyber Incident Responder,0.2053846153846154,20.53846153846154,5,4,0.7786486411043857,0.00045583384693797125,1.0,0.0,0.0,valid
0.5,Cybersecurity Architect,0.2,20.0,6,7,0.7786486411043857,0.00045583384693797125,1.0,0.0,0.0,valid
0.5,Cybersecurity Educator,0.1875,18.75,7,10,0.7786486411043857,0.00045583384693797125,1.0,0.0,0.0,valid
0.5,Digital Forensics Investigator,0.18083333333333332,18.083333333333332,8,5,0.7786486411043857,0.00045583384693797125,1.0,0.0,0.0,valid
0.5,Cybersecurity Auditor,0.0625,6.25,9,8,0.7786486411043857,0.00045583384693797125,1.0,0.0,0.0,valid
0.5,Chief Information Security Officer (CISO),0.045454545454545456,4.545454545454546,10,11,0.7786486411043857,0.00045583384693797125,1.0,0.0,0.0,valid
0.5,"Cyber Legal, Policy & Compliance Officer",0.0,0.0,11,9,0.7786486411043857,0.00045583384693797125,1.0,0.0,0.0,valid
0.5,Cybersecurity Researcher,0.0,0.0,12,12,0.7786486411043857,0.00045583384693797125,1.0,0.0,0.0,valid
0.6,Penetration Tester,0.4085,40.849999999999994,1,1,0.7786486411043857,0.00045583384693797125,1.0,0.0,0.0,valid
0.6,Cybersecurity Implementer,0.4003636363636363,40.03636363636363,2,2,0.7786486411043857,0.00045583384693797125,1.0,0.0,0.0,valid
0.6,Cyber Threat Intelligence Specialist,0.33876923076923077,33.87692307692308,3,3,0.7786486411043857,0.00045583384693797125,1.0,0.0,0.0,valid
0.6,Cybersecurity Risk Manager,0.3,30.0,4,6,0.7786486411043857,0.00045583384693797125,1.0,0.0,0.0,valid
0.6,Cyber Incident Responder,0.24646153846153845,24.646153846153844,5,4,0.7786486411043857,0.00045583384693797125,1.0,0.0,0.0,valid
0.6,Cybersecurity Architect,0.24,24.0,6,7,0.7786486411043857,0.00045583384693797125,1.0,0.0,0.0,valid
0.6,Cybersecurity Educator,0.22499999999999998,22.499999999999996,7,10,0.7786486411043857,0.00045583384693797125,1.0,0.0,0.0,valid
0.6,Digital Forensics Investigator,0.21699999999999997,21.699999999999996,8,5,0.7786486411043857,0.00045583384693797125,1.0,0.0,0.0,valid
0.6,Cybersecurity Auditor,0.075,7.5,9,8,0.7786486411043857,0.00045583384693797125,1.0,0.0,0.0,valid
0.6,Chief Information Security Officer (CISO),0.05454545454545454,5.454545454545454,10,11,0.7786486411043857,0.00045583384693797125,1.0,0.0,0.0,valid
0.6,"Cyber Legal, Policy & Compliance Officer",0.0,0.0,11,9,0.7786486411043857,0.00045583384693797125,1.0,0.0,0.0,valid
0.6,Cybersecurity Researcher,0.0,0.0,12,12,0.7786486411043857,0.00045583384693797125,1.0,0.0,0.0,valid
0.7,Penetration Tester,0.47658333333333325,47.658333333333324,1,1,0.7786486411043857,0.00045583384693797125,1.0,0.0,0.0,valid
0.7,Cybersecurity Implementer,0.46709090909090906,46.709090909090904,2,2,0.7786486411043857,0.00045583384693797125,1.0,0.0,0.0,valid
0.7,Cyber Threat Intelligence Specialist,0.3952307692307692,39.52307692307692,3,3,0.7786486411043857,0.00045583384693797125,1.0,0.0,0.0,valid
0.7,Cybersecurity Risk Manager,0.35,35.0,4,6,0.7786486411043857,0.00045583384693797125,1.0,0.0,0.0,valid
0.7,Cyber Incident Responder,0.2875384615384615,28.75384615384615,5,4,0.7786486411043857,0.00045583384693797125,1.0,0.0,0.0,valid
0.7,Cybersecurity Architect,0.27999999999999997,27.999999999999996,6,7,0.7786486411043857,0.00045583384693797125,1.0,0.0,0.0,valid
0.7,Cybersecurity Educator,0.26249999999999996,26.249999999999996,7,10,0.7786486411043857,0.00045583384693797125,1.0,0.0,0.0,valid
0.7,Digital Forensics Investigator,0.25316666666666665,25.316666666666666,8,5,0.7786486411043857,0.00045583384693797125,1.0,0.0,0.0,valid
0.7,Cybersecurity Auditor,0.0875,8.75,9,8,0.7786486411043857,0.00045583384693797125,1.0,0.0,0.0,valid
0.7,Chief Information Security Officer (CISO),0.06363636363636363,6.363636363636363,10,11,0.7786486411043857,0.00045583384693797125,1.0,0.0,0.0,valid
0.7,"Cyber Legal, Policy & Compliance Officer",0.0,0.0,11,9,0.7786486411043857,0.00045583384693797125,1.0,0.0,0.0,valid
0.7,Cybersecurity Researcher,0.0,0.0,12,12,0.7786486411043857,0.00045583384693797125,1.0,0.0,0.0,valid
0.8,Penetration Tester,0.5446666666666666,54.46666666666666,1,1,0.7786486411043857,0.00045583384693797125,1.0,0.0,0.0,valid
0.8,Cybersecurity Implementer,0.5338181818181819,53.38181818181818,2,2,0.7786486411043857,0.00045583384693797125,1.0,0.0,0.0,valid
0.8,Cyber Threat Intelligence Specialist,0.4516923076923077,45.16923076923077,3,3,0.7786486411043857,0.00045583384693797125,1.0,0.0,0.0,valid
0.8,Cybersecurity Risk Manager,0.4,40.0,4,6,0.7786486411043857,0.00045583384693797125,1.0,0.0,0.0,valid
0.8,Cyber Incident Responder,0.32861538461538464,32.861538461538466,5,4,0.7786486411043857,0.00045583384693797125,1.0,0.0,0.0,valid
0.8,Cybersecurity Architect,0.32000000000000006,32.00000000000001,6,7,0.7786486411043857,0.00045583384693797125,1.0,0.0,0.0,valid
0.8,Cybersecurity Educator,0.30000000000000004,30.000000000000004,7,10,0.7786486411043857,0.00045583384693797125,1.0,0.0,0.0,valid
0.8,Digital Forensics Investigator,0.28933333333333333,28.933333333333334,8,5,0.7786486411043857,0.00045583384693797125,1.0,0.0,0.0,valid
0.8,Cybersecurity Auditor,0.1,10.0,9,8,0.7786486411043857,0.00045583384693797125,1.0,0.0,0.0,valid
0.8,Chief Information Security Officer (CISO),0.07272727272727274,7.272727272727273,10,11,0.7786486411043857,0.00045583384693797125,1.0,0.0,0.0,valid
0.8,"Cyber Legal, Policy & Compliance Officer",0.0,0.0,11,9,0.7786486411043857,0.00045583384693797125,1.0,0.0,0.0,valid
0.8,Cybersecurity Researcher,0.0,0.0,12,12,0.7786486411043857,0.00045583384693797125,1.0,0.0,0.0,valid
0.9,Penetration Tester,0.61275,61.275,1,1,0.7786486411043857,0.00045583384693797125,1.0,0.0,0.0,valid
0.9,Cybersecurity Implementer,0.6005454545454545,60.05454545454545,2,2,0.7786486411043857,0.00045583384693797125,1.0,0.0,0.0,valid
0.9,Cyber Threat Intelligence Specialist,0.5081538461538462,50.815384615384616,3,3,0.7786486411043857,0.00045583384693797125,1.0,0.0,0.0,valid
0.9,Cybersecurity Risk Manager,0.45,45.0,4,6,0.7786486411043857,0.00045583384693797125,1.0,0.0,0.0,valid
0.9,Cyber Incident Responder,0.3696923076923077,36.96923076923077,5,4,0.7786486411043857,0.00045583384693797125,1.0,0.0,0.0,valid
0.9,Cybersecurity Architect,0.36000000000000004,36.00000000000001,6,7,0.7786486411043857,0.00045583384693797125,1.0,0.0,0.0,valid
0.9,Cybersecurity Educator,0.3375,33.75,7,10,0.7786486411043857,0.00045583384693797125,1.0,0.0,0.0,valid
0.9,Digital Forensics Investigator,0.32549999999999996,32.55,8,5,0.7786486411043857,0.00045583384693797125,1.0,0.0,0.0,valid
0.9,Cybersecurity Auditor,0.1125,11.25,9,8,0.7786486411043857,0.00045583384693797125,1.0,0.0,0.0,valid
0.9,Chief Information Security Officer (CISO),0.08181818181818182,8.181818181818182,10,11,0.7786486411043857,0.00045583384693797125,1.0,0.0,0.0,valid
0.9,"Cyber Legal, Policy & Compliance Officer",0.0,0.0,11,9,0.7786486411043857,0.00045583384693797125,1.0,0.0,0.0,valid
0.9,Cybersecurity Researcher,0.0,0.0,12,12,0.7786486411043857,0.00045583384693797125,1.0,0.0,0.0,valid
1.0,Penetration Tester,0.6808333333333333,68.08333333333333,1,1,0.7786486411043857,0.00045583384693797125,1.0,0.0,0.0,valid
1.0,Cybersecurity Implementer,0.6672727272727272,66.72727272727272,2,2,0.7786486411043857,0.00045583384693797125,1.0,0.0,0.0,valid
1.0,Cyber Threat Intelligence Specialist,0.5646153846153846,56.46153846153846,3,3,0.7786486411043857,0.00045583384693797125,1.0,0.0,0.0,valid
1.0,Cybersecurity Risk Manager,0.5,50.0,4,6,0.7786486411043857,0.00045583384693797125,1.0,0.0,0.0,valid
1.0,Cyber Incident Responder,0.4107692307692308,41.07692307692308,5,4,0.7786486411043857,0.00045583384693797125,1.0,0.0,0.0,valid
1.0,Cybersecurity Architect,0.4,40.0,6,7,0.7786486411043857,0.00045583384693797125,1.0,0.0,0.0,valid
1.0,Cybersecurity Educator,0.375,37.5,7,10,0.7786486411043857,0.00045583384693797125,1.0,0.0,0.0,valid
1.0,Digital Forensics Investigator,0.36166666666666664,36.166666666666664,8,5,0.7786486411043857,0.00045583384693797125,1.0,0.0,0.0,valid
1.0,Cybersecurity Auditor,0.125,12.5,9,8,0.7786486411043857,0.00045583384693797125,1.0,0.0,0.0,valid
1.0,Chief Information Security Officer (CISO),0.09090909090909091,9.090909090909092,10,11,0.7786486411043857,0.00045583384693797125,1.0,0.0,0.0,valid
1.0,"Cyber Legal, Policy & Compliance Officer",0.0,0.0,11,9,0.7786486411043857,0.00045583384693797125,1.0,0.0,0.0,valid
1.0,Cybersecurity Researcher,0.0,0.0,12,12,0.7786486411043857,0.00045583384693797125,1.0,0.0,0.0,valid
