alpha,q_fraction_downgraded,n_nodes_downgraded,beta_downgraded_strength,samples,tau_mean,tau_median,tau_p05,tau_p95,tau_min_observed,tau_max_observed,mean_p_at_3,fraction_p_at_3_equals_1,fraction_same_nominal_top3_set,fraction_same_nominal_top3_order
0.0,0.1,3,0.85,5000,0.8308675641104958,0.8308675641104959,0.8308675641104959,0.8308675641104959,0.8308675641104959,0.8308675641104959,1.0,1.0,1.0,1.0
0.0,0.1,3,0.75,5000,0.8284303525891049,0.8308675641104959,0.8000946913656627,0.8308675641104959,0.8000946913656627,0.8308675641104959,1.0,1.0,1.0,1.0
0.0,0.1,3,0.5,5000,0.8251561189290547,0.8308675641104959,0.7693218186208295,0.8308675641104959,0.7077760731311632,0.8308675641104959,1.0,1.0,1.0,0.905
0.0,0.1,3,0.3,5000,0.816810515840656,0.8308675641104959,0.67700320038633,0.8308675641104959,0.5539117094069973,0.8308675641104959,0.9962,0.9886,0.9886,0.905
0.0,0.1,3,0.1,5000,0.813677837395232,0.8308675641104959,0.7077760731311632,0.8308675641104959,0.5231388366621641,0.8616404368553291,0.9712666666666666,0.9138,0.9138,0.8988
0.0,0.25,8,0.85,5000,0.8305246605902282,0.8308675641104959,0.8308675641104959,0.8308675641104959,0.8000946913656627,0.8397191227596315,1.0,1.0,1.0,0.9906
0.0,0.25,8,0.75,5000,0.824667293588597,0.8308675641104959,0.8000946913656627,0.8308675641104959,0.7693218186208295,0.8397191227596315,1.0,1.0,1.0,0.9904
0.0,0.25,8,0.5,5000,0.811801056028444,0.8308675641104959,0.7077760731311632,0.8308675641104959,0.5846845821518305,0.8616404368553291,0.9956666666666666,0.987,0.987,0.714
0.0,0.25,8,0.3,5000,0.7835980077288766,0.8308675641104959,0.5539117094069973,0.8308675641104959,0.4615930911724977,0.8616404368553291,0.9634666666666666,0.8904,0.8904,0.713
0.0,0.25,8,0.1,5000,0.7722613764624469,0.8308675641104959,0.5231388366621641,0.8308675641104959,0.4615930911724977,0.8616404368553291,0.9084666666666666,0.7254,0.7254,0.6548
0.0,0.5,16,0.85,5000,0.8273813015279233,0.8308675641104959,0.8000946913656627,0.8308675641104959,0.7693218186208295,0.8397191227596315,1.0,1.0,1.0,0.9016
0.0,0.5,16,0.75,5000,0.8199024037082631,0.8308675641104959,0.7693218186208295,0.8308675641104959,0.6462303276414968,0.8924133096001623,1.0,1.0,1.0,0.8924
0.0,0.5,16,0.5,5000,0.7809740290452433,0.8000946913656627,0.67700320038633,0.8308675641104959,0.5846845821518305,0.8616404368553291,0.9486,0.8458,0.8458,0.3874
0.0,0.5,16,0.3,5000,0.7197607274185542,0.7786486411043855,0.4615930911724977,0.8308675641104959,0.4615930911724977,0.8616404368553291,0.8609333333333332,0.5828,0.5828,0.3544
0.0,0.5,16,0.1,5000,0.6948786646627053,0.7385489458759964,0.4615930911724977,0.8616404368553291,0.41871789467931186,0.8616404368553291,0.7915333333333334,0.3746,0.3746,0.2318
0.0,0.75,25,0.85,5000,0.8234632854629915,0.8308675641104959,0.8000946913656627,0.8397191227596315,0.7693218186208295,0.8397191227596315,1.0,1.0,1.0,0.7614
0.0,0.75,25,0.75,5000,0.8103468332855897,0.8091838819320085,0.7693218186208295,0.8397191227596315,0.6259724369662707,0.8924133096001623,1.0,1.0,1.0,0.5756
0.0,0.75,25,0.5,5000,0.7343124436041466,0.7481134002767625,0.6259724369662707,0.8308675641104959,0.5427824560657747,0.8924133096001623,0.8186666666666667,0.456,0.456,0.1326
0.0,0.75,25,0.3,5000,0.6579292039889902,0.6565076777938936,0.4732962328281559,0.8000946913656627,0.40004734568283135,0.8924133096001623,0.7278,0.1866,0.1866,0.0622
0.0,0.75,25,0.1,5000,0.6017499442377221,0.5846845821518305,0.4427609920005329,0.7693218186208295,0.25954954703479516,0.8924133096001623,0.6740666666666667,0.0606,0.0606,0.0236
0.0,1.0,33,0.85,1,0.8308675641104959,0.8308675641104959,0.8308675641104959,0.8308675641104959,0.8308675641104959,0.8308675641104959,1.0,1.0,1.0,1.0
0.0,1.0,33,0.75,1,0.8308675641104959,0.8308675641104959,0.8308675641104959,0.8308675641104959,0.8308675641104959,0.8308675641104959,1.0,1.0,1.0,1.0
0.0,1.0,33,0.5,1,0.8308675641104959,0.8308675641104959,0.8308675641104959,0.8308675641104959,0.8308675641104959,0.8308675641104959,1.0,1.0,1.0,1.0
0.0,1.0,33,0.3,1,0.8308675641104959,0.8308675641104959,0.8308675641104959,0.8308675641104959,0.8308675641104959,0.8308675641104959,1.0,1.0,1.0,1.0
0.0,1.0,33,0.1,1,0.8308675641104959,0.8308675641104959,0.8308675641104959,0.8308675641104959,0.8308675641104959,0.8308675641104959,1.0,1.0,1.0,1.0
0.5,0.1,3,0.85,5000,0.8312263859565819,0.8308675641104959,0.8308675641104959,0.8397191227596315,0.8000946913656627,0.8397191227596315,1.0,1.0,1.0,0.9856
0.5,0.1,3,0.75,5000,0.8265135026963435,0.8308675641104959,0.7693218186208295,0.8397191227596315,0.7077760731311632,0.8397191227596315,1.0,1.0,1.0,0.9136
0.5,0.1,3,0.5,5000,0.8203649164716906,0.8308675641104959,0.7077760731311632,0.8397191227596315,0.6154574548966636,0.8397191227596315,0.9980666666666667,0.9942,0.9942,0.9002
0.5,0.1,3,0.3,5000,0.8097590875348495,0.8308675641104959,0.6462303276414968,0.8397191227596315,0.5539117094069973,0.8397191227596315,0.9714666666666666,0.9144,0.9144,0.8946
0.5,0.1,3,0.1,5000,0.8066647623282226,0.8308675641104959,0.6154574548966636,0.8397191227596315,0.5231388366621641,0.8397191227596315,0.9688666666666668,0.9066,0.9066,0.894
0.5,0.25,8,0.85,5000,0.8293648384911301,0.8308675641104959,0.8000946913656627,0.8397191227596315,0.7693218186208295,0.8397191227596315,1.0,1.0,1.0,0.8878
0.5,0.25,8,0.75,5000,0.8165851380392795,0.8308675641104959,0.7693218186208295,0.8397191227596315,0.6462303276414968,0.8397191227596315,1.0,1.0,1.0,0.746
0.5,0.25,8,0.5,5000,0.7944531461188994,0.8308675641104959,0.6565076777938936,0.8397191227596315,0.5539117094069973,0.8397191227596315,0.9789333333333334,0.9368,0.9368,0.6736
0.5,0.25,8,0.3,5000,0.7649779863394669,0.8000946913656627,0.5539117094069973,0.8397191227596315,0.4615930911724977,0.8397191227596315,0.9122,0.7366,0.7366,0.6258
0.5,0.25,8,0.1,5000,0.754612946416384,0.8000946913656627,0.5231388366621641,0.8397191227596315,0.4615930911724977,0.8616404368553291,0.8984666666666667,0.6954,0.6954,0.616
0.5,0.5,16,0.85,5000,0.8221027009970338,0.8308675641104959,0.8000946913656627,0.8397191227596315,0.7175781594491396,0.8397191227596315,1.0,1.0,1.0,0.6818
0.5,0.5,16,0.75,5000,0.7898065374789461,0.8000946913656627,0.6870429186215167,0.8397191227596315,0.6462303276414968,0.8397191227596315,1.0,1.0,1.0,0.495
0.5,0.5,16,0.5,5000,0.7420861766133521,0.7481134002767625,0.5954371961386478,0.8397191227596315,0.5231388366621641,0.8616404368553291,0.9063333333333334,0.719,0.719,0.303
0.5,0.5,16,0.3,5000,0.6953356294970722,0.7175781594491396,0.5038314736557788,0.8308675641104959,0.4615930911724977,0.8702543635872544,0.8153333333333334,0.446,0.446,0.2194
0.5,0.5,16,0.1,5000,0.6709061284778275,0.7077760731311632,0.4732962328281559,0.8308675641104959,0.40004734568283135,0.8702543635872544,0.7807333333333334,0.343,0.343,0.1844
0.5,0.75,25,0.85,5000,0.8064585803496152,0.8091838819320085,0.7481134002767625,0.8397191227596315,0.6565076777938936,0.8397191227596315,1.0,1.0,1.0,0.4236
0.5,0.75,25,0.75,5000,0.7660059669070927,0.7786486411043855,0.6565076777938936,0.8397191227596315,0.6259724369662707,0.8397191227596315,1.0,1.0,1.0,0.2988
0.5,0.75,25,0.5,5000,0.6966474081684564,0.6870429186215167,0.5649019553110248,0.8091838819320085,0.4732962328281559,0.9007896044148773,0.8035333333333334,0.4106,0.4106,0.092
0.5,0.75,25,0.3,5000,0.6425677154212343,0.6259724369662707,0.5038314736557788,0.8000946913656627,0.40004734568283135,0.8924133096001623,0.7162,0.1564,0.1564,0.045
0.5,0.75,25,0.1,5000,0.58712921409746,0.5649019553110248,0.43082021842766455,0.7786486411043855,0.25954954703479516,0.8924133096001623,0.6717333333333334,0.0732,0.0732,0.0272
0.5,1.0,33,0.85,1,0.8308675641104959,0.8308675641104959,0.8308675641104959,0.8308675641104959,0.8308675641104959,0.8308675641104959,1.0,1.0,1.0,1.0
0.5,1.0,33,0.75,1,0.8308675641104959,0.8308675641104959,0.8308675641104959,0.8308675641104959,0.8308675641104959,0.8308675641104959,1.0,1.0,1.0,1.0
0.5,1.0,33,0.5,1,0.8308675641104959,0.8308675641104959,0.8308675641104959,0.8308675641104959,0.8308675641104959,0.8308675641104959,1.0,1.0,1.0,1.0
0.5,1.0,33,0.3,1,0.8308675641104959,0.8308675641104959,0.8308675641104959,0.8308675641104959,0.8308675641104959,0.8308675641104959,1.0,1.0,1.0,1.0
0.5,1.0,33,0.1,1,0.8308675641104959,0.8308675641104959,0.8308675641104959,0.8308675641104959,0.8308675641104959,0.8308675641104959,1.0,1.0,1.0,1.0
1.0,0.1,3,0.85,5000,0.8223992055775207,0.8308675641104959,0.7693218186208295,0.8308675641104959,0.67700320038633,0.8308675641104959,1.0,1.0,1.0,0.9856
1.0,0.1,3,0.75,5000,0.8101988190422793,0.8308675641104959,0.7077760731311632,0.8308675641104959,0.6462303276414968,0.8308675641104959,1.0,1.0,1.0,0.8364
1.0,0.1,3,0.5,5000,0.8042885502752322,0.8308675641104959,0.7077760731311632,0.8308675641104959,0.5846845821518305,0.8308675641104959,0.9962,0.9886,0.9886,0.8228
1.0,0.1,3,0.3,5000,0.7921693613687134,0.8308675641104959,0.5539117094069973,0.8308675641104959,0.4615930911724977,0.8308675641104959,0.9691333333333332,0.9074,0.9074,0.8174
1.0,0.1,3,0.1,5000,0.7890140132068147,0.8308675641104959,0.5539117094069973,0.8308675641104959,0.4615930911724977,0.8308675641104959,0.9433333333333332,0.83,0.83,0.7406
1.0,0.25,8,0.85,5000,0.8058055084340348,0.8308675641104959,0.7385489458759964,0.8308675641104959,0.6462303276414968,0.8308675641104959,1.0,1.0,1.0,0.8842
1.0,0.25,8,0.75,5000,0.779007018082588,0.8091838819320085,0.6462303276414968,0.8308675641104959,0.6154574548966636,0.8397191227596315,0.9992,0.9976,0.9976,0.6438
1.0,0.25,8,0.5,5000,0.7605336473167036,0.7693218186208295,0.6259724369662707,0.8308675641104959,0.5539117094069973,0.8308675641104959,0.9642666666666666,0.8928,0.8928,0.5702
1.0,0.25,8,0.3,5000,0.7332035586165554,0.7693218186208295,0.5231388366621641,0.8308675641104959,0.4615930911724977,0.8397191227596315,0.9042666666666666,0.7128,0.7128,0.5304
1.0,0.25,8,0.1,5000,0.7222089699422058,0.7481134002767625,0.5231388366621641,0.8308675641104959,0.4615930911724977,0.8616404368553291,0.8534666666666668,0.5604,0.5604,0.3954
1.0,0.5,16,0.85,5000,0.7767770903032327,0.7786486411043855,0.6870429186215167,0.8308675641104959,0.6462303276414968,0.8397191227596315,1.0,1.0,1.0,0.6254
1.0,0.5,16,0.75,5000,0.7446403038409216,0.7481134002767625,0.6462303276414968,0.8308675641104959,0.6154574548966636,0.8397191227596315,0.9911333333333332,0.9734,0.9734,0.3892
1.0,0.5,16,0.5,5000,0.7066758479315494,0.7126771162901514,0.5846845821518305,0.8091838819320085,0.5231388366621641,0.8616404368553291,0.8807333333333333,0.6422,0.6422,0.2362
1.0,0.5,16,0.3,5000,0.6672750249151311,0.6870429186215167,0.5038314736557788,0.8091838819320085,0.4615930911724977,0.8702543635872544,0.8067333333333334,0.4202,0.4202,0.1882
1.0,0.5,16,0.1,5000,0.6439699811804781,0.67700320038633,0.4615930911724977,0.8000946913656627,0.381690510345287,0.8616404368553291,0.7606666666666668,0.283,0.283,0.1162
1.0,0.75,25,0.85,5000,0.7648408307225458,0.7786486411043855,0.6870429186215167,0.8397191227596315,0.6259724369662707,0.8397191227596315,1.0,1.0,1.0,0.321
1.0,0.75,25,0.75,5000,0.7324072451272695,0.7385489458759964,0.6565076777938936,0.8308675641104959,0.5954371961386478,0.8397191227596315,0.9725333333333332,0.9176,0.9176,0.2128
1.0,0.75,25,0.5,5000,0.6748265420833254,0.67700320038633,0.5649019553110248,0.8000946913656627,0.4615930911724977,0.8924133096001623,0.8004000000000001,0.4012,0.4012,0.067
1.0,0.75,25,0.3,5000,0.6222089551562029,0.5954371961386478,0.5038314736557788,0.7786486411043855,0.40004734568283135,0.8924133096001623,0.7179333333333334,0.1656,0.1656,0.0402
1.0,0.75,25,0.1,5000,0.5666660402101422,0.5343667144834018,0.41222575117291,0.7693218186208295,0.25954954703479516,0.8924133096001623,0.6661333333333334,0.0708,0.0708,0.0242
1.0,1.0,33,0.85,1,0.8308675641104959,0.8308675641104959,0.8308675641104959,0.8308675641104959,0.8308675641104959,0.8308675641104959,1.0,1.0,1.0,1.0
1.0,1.0,33,0.75,1,0.8308675641104959,0.8308675641104959,0.8308675641104959,0.8308675641104959,0.8308675641104959,0.8308675641104959,1.0,1.0,1.0,1.0
1.0,1.0,33,0.5,1,0.8308675641104959,0.8308675641104959,0.8308675641104959,0.8308675641104959,0.8308675641104959,0.8308675641104959,1.0,1.0,1.0,1.0
1.0,1.0,33,0.3,1,0.8308675641104959,0.8308675641104959,0.8308675641104959,0.8308675641104959,0.8308675641104959,0.8308675641104959,1.0,1.0,1.0,1.0
1.0,1.0,33,0.1,1,0.8308675641104959,0.8308675641104959,0.8308675641104959,0.8308675641104959,0.8308675641104959,0.8308675641104959,1.0,1.0,1.0,1.0
2.0,0.1,3,0.85,5000,0.757640249751503,0.7693218186208295,0.67700320038633,0.7786486411043855,0.67700320038633,0.7786486411043855,1.0,1.0,1.0,0.7568
2.0,0.1,3,0.75,5000,0.7475793979324089,0.7693218186208295,0.6462303276414968,0.7693218186208295,0.6462303276414968,0.7786486411043855,1.0,1.0,1.0,0.7568
2.0,0.1,3,0.5,5000,0.7442851560333568,0.7693218186208295,0.6154574548966636,0.7693218186208295,0.5846845821518305,0.7786486411043855,0.9724666666666668,0.9174,0.9174,0.7432
2.0,0.1,3,0.3,5000,0.7362447866293823,0.7693218186208295,0.5539117094069973,0.7693218186208295,0.4615930911724977,0.7786486411043855,0.9436,0.8308,0.8308,0.6674
2.0,0.1,3,0.1,5000,0.733587436215732,0.7693218186208295,0.5231388366621641,0.7693218186208295,0.4615930911724977,0.7786486411043855,0.9435333333333334,0.8306,0.8306,0.6674
2.0,0.25,8,0.85,5000,0.7426088886079384,0.7385489458759964,0.67700320038633,0.7786486411043855,0.6462303276414968,0.8308675641104959,1.0,1.0,1.0,0.4974
2.0,0.25,8,0.75,5000,0.7231204171078406,0.7385489458759964,0.6462303276414968,0.7693218186208295,0.6154574548966636,0.8308675641104959,0.9964,0.9892,0.9892,0.4962
2.0,0.25,8,0.5,5000,0.7116713167734512,0.7385489458759964,0.5954371961386478,0.7693218186208295,0.5231388366621641,0.8000946913656627,0.9298666666666666,0.7896,0.7896,0.438
2.0,0.25,8,0.3,5000,0.6899204805534425,0.7175781594491396,0.5231388366621641,0.7693218186208295,0.4615930911724977,0.8000946913656627,0.8584,0.5752,0.5752,0.3006
2.0,0.25,8,0.1,5000,0.6822294012387026,0.7175781594491396,0.5231388366621641,0.7693218186208295,0.43082021842766455,0.8000946913656627,0.8558666666666666,0.5678,0.5678,0.3006
2.0,0.5,16,0.85,5000,0.7294206832322511,0.7385489458759964,0.67700320038633,0.7786486411043855,0.6462303276414968,0.8308675641104959,1.0,1.0,1.0,0.247
2.0,0.5,16,0.75,5000,0.7054348580418348,0.7077760731311632,0.6462303276414968,0.7786486411043855,0.6154574548966636,0.8308675641104959,0.9702666666666666,0.9108,0.9108,0.2328
2.0,0.5,16,0.5,5000,0.6784175332731204,0.6870429186215167,0.5649019553110248,0.7786486411043855,0.5231388366621641,0.8397191227596315,0.8646,0.5938,0.5938,0.1516
2.0,0.5,16,0.3,5000,0.640313712489856,0.6565076777938936,0.4923659639173309,0.7693218186208295,0.43082021842766455,0.8616404368553291,0.7815333333333334,0.3446,0.3446,0.0786
2.0,0.5,16,0.1,5000,0.6215340631959657,0.6259724369662707,0.4615930911724977,0.7693218186208295,0.3206200286900411,0.8616404368553291,0.7626,0.2914,0.2914,0.0754
2.0,0.75,25,0.85,5000,0.7230609207067451,0.7175781594491396,0.67700320038633,0.7786486411043855,0.6259724369662707,0.8397191227596315,1.0,1.0,1.0,0.1036
2.0,0.75,25,0.75,5000,0.7061741003568254,0.6870429186215167,0.6462303276414968,0.8000946913656627,0.5954371961386478,0.8397191227596315,0.9542666666666668,0.8628,0.8628,0.0872
2.0,0.75,25,0.5,5000,0.6526183846872564,0.6565076777938936,0.5649019553110248,0.7693218186208295,0.4615930911724977,0.8924133096001623,0.8018666666666668,0.4056,0.4056,0.046
2.0,0.75,25,0.3,5000,0.5995486935760981,0.5846845821518305,0.4732962328281559,0.7693218186208295,0.381690510345287,0.8924133096001623,0.7063333333333334,0.137,0.137,0.029
2.0,0.75,25,0.1,5000,0.5352147650919212,0.5231388366621641,0.35115526951766407,0.7481134002767625,0.19847906537954926,0.8702543635872544,0.6454,0.0614,0.0614,0.016
2.0,1.0,33,0.85,1,0.7693218186208295,0.7693218186208295,0.7693218186208295,0.7693218186208295,0.7693218186208295,0.7693218186208295,1.0,1.0,1.0,1.0
2.0,1.0,33,0.75,1,0.7693218186208295,0.7693218186208295,0.7693218186208295,0.7693218186208295,0.7693218186208295,0.7693218186208295,1.0,1.0,1.0,1.0
2.0,1.0,33,0.5,1,0.7693218186208295,0.7693218186208295,0.7693218186208295,0.7693218186208295,0.7693218186208295,0.7693218186208295,1.0,1.0,1.0,1.0
2.0,1.0,33,0.3,1,0.7693218186208295,0.7693218186208295,0.7693218186208295,0.7693218186208295,0.7693218186208295,0.7693218186208295,1.0,1.0,1.0,1.0
2.0,1.0,33,0.1,1,0.7693218186208295,0.7693218186208295,0.7693218186208295,0.7693218186208295,0.7693218186208295,0.7693218186208295,1.0,1.0,1.0,1.0
3.0,0.1,3,0.85,5000,0.7365162053840945,0.7385489458759964,0.67700320038633,0.7786486411043855,0.67700320038633,0.7786486411043855,1.0,1.0,1.0,0.071
3.0,0.1,3,0.75,5000,0.7263013941485092,0.7385489458759964,0.6462303276414968,0.7481134002767625,0.6154574548966636,0.7786486411043855,0.9980666666666667,0.9942,0.9942,0.071
3.0,0.1,3,0.5,5000,0.7231395587273776,0.7385489458759964,0.6154574548966636,0.7481134002767625,0.5846845821518305,0.7786486411043855,0.9724666666666668,0.9174,0.9174,0.071
3.0,0.1,3,0.3,5000,0.7153468456232486,0.7385489458759964,0.5539117094069973,0.7481134002767625,0.4615930911724977,0.7786486411043855,0.9436,0.8308,0.8308,0.068
3.0,0.1,3,0.1,5000,0.712701804358696,0.7385489458759964,0.5231388366621641,0.7481134002767625,0.4615930911724977,0.7786486411043855,0.9435333333333334,0.8306,0.8306,0.068
3.0,0.25,8,0.85,5000,0.729791405233892,0.7385489458759964,0.67700320038633,0.7786486411043855,0.6462303276414968,0.7786486411043855,1.0,1.0,1.0,0.1142
3.0,0.25,8,0.75,5000,0.7100990248251597,0.7385489458759964,0.6462303276414968,0.7481134002767625,0.6154574548966636,0.8308675641104959,0.9824666666666666,0.9474,0.9474,0.1154
3.0,0.25,8,0.5,5000,0.6993588410128905,0.7385489458759964,0.5954371961386478,0.7481134002767625,0.5231388366621641,0.8000946913656627,0.9297333333333332,0.7892,0.7892,0.1148
3.0,0.25,8,0.3,5000,0.6789408623214498,0.7077760731311632,0.5231388366621641,0.7481134002767625,0.4615930911724977,0.8000946913656627,0.8571333333333334,0.5714,0.5714,0.0816
3.0,0.25,8,0.1,5000,0.6702736294989798,0.7077760731311632,0.4923659639173309,0.7481134002767625,0.40004734568283135,0.8000946913656627,0.8539333333333332,0.562,0.562,0.0816
3.0,0.5,16,0.85,5000,0.7163221097607824,0.7175781594491396,0.67700320038633,0.7786486411043855,0.6462303276414968,0.8308675641104959,1.0,1.0,1.0,0.071
3.0,0.5,16,0.75,5000,0.6977255291484938,0.6870429186215167,0.6259724369662707,0.7786486411043855,0.6154574548966636,0.8308675641104959,0.9474666666666668,0.8424,0.8424,0.084
3.0,0.5,16,0.5,5000,0.6691927372882407,0.67700320038633,0.5649019553110248,0.7481134002767625,0.5231388366621641,0.8091838819320085,0.8562666666666668,0.5688,0.5688,0.0726
3.0,0.5,16,0.3,5000,0.6339613127777627,0.6462303276414968,0.4923659639173309,0.7481134002767625,0.43082021842766455,0.8616404368553291,0.7813333333333334,0.344,0.344,0.035
3.0,0.5,16,0.1,5000,0.6102481901070521,0.6154574548966636,0.4615930911724977,0.7481134002767625,0.29008478786241815,0.8616404368553291,0.7543333333333334,0.2706,0.2706,0.0318
3.0,0.75,25,0.85,5000,0.7097797776728074,0.6870429186215167,0.67700320038633,0.7786486411043855,0.6259724369662707,0.8397191227596315,1.0,1.0,1.0,0.0598
3.0,0.75,25,0.75,5000,0.695488262687702,0.6870429186215167,0.6462303276414968,0.7786486411043855,0.5954371961386478,0.8397191227596315,0.9500666666666666,0.8502,0.8502,0.0768
3.0,0.75,25,0.5,5000,0.6416318692426428,0.6462303276414968,0.5539117094069973,0.7481134002767625,0.4615930911724977,0.8616404368553291,0.7510666666666667,0.2532,0.2532,0.0444
3.0,0.75,25,0.3,5000,0.5925842109665459,0.5649019553110248,0.4732962328281559,0.7481134002767625,0.381690510345287,0.8924133096001623,0.7016,0.1304,0.1304,0.0246
3.0,0.75,25,0.1,5000,0.5195443173153158,0.5038314736557788,0.35115526951766407,0.7385489458759964,0.19847906537954926,0.8616404368553291,0.6374,0.057,0.057,0.0122
3.0,1.0,33,0.85,1,0.7385489458759964,0.7385489458759964,0.7385489458759964,0.7385489458759964,0.7385489458759964,0.7385489458759964,1.0,1.0,1.0,0.0
3.0,1.0,33,0.75,1,0.7385489458759964,0.7385489458759964,0.7385489458759964,0.7385489458759964,0.7385489458759964,0.7385489458759964,1.0,1.0,1.0,0.0
3.0,1.0,33,0.5,1,0.7385489458759964,0.7385489458759964,0.7385489458759964,0.7385489458759964,0.7385489458759964,0.7385489458759964,1.0,1.0,1.0,0.0
3.0,1.0,33,0.3,1,0.7385489458759964,0.7385489458759964,0.7385489458759964,0.7385489458759964,0.7385489458759964,0.7385489458759964,1.0,1.0,1.0,0.0
3.0,1.0,33,0.1,1,0.7385489458759964,0.7385489458759964,0.7385489458759964,0.7385489458759964,0.7385489458759964,0.7385489458759964,1.0,1.0,1.0,0.0
