q_fraction_downgraded,n_nodes_downgraded,beta_downgraded_strength,samples,baseline_tau,tau_mean,tau_median,tau_p05,tau_p95,tau_min_observed,tau_max_observed,mean_p_at_3,fraction_p_at_3_equals_1,fraction_same_top3_set,fraction_same_top3_order,fraction_same_full_ranking
0.1,3,0.85,5000,0.8308675641104959,0.8223992055775207,0.8308675641104959,0.7693218186208295,0.8308675641104959,0.67700320038633,0.8308675641104959,1.0,1.0,1.0,0.9856,0.8096
0.1,3,0.75,5000,0.8308675641104959,0.810307628578714,0.8308675641104959,0.7077760731311632,0.8308675641104959,0.6462303276414968,0.8308675641104959,1.0,1.0,1.0,0.8404,0.7354
0.1,3,0.5,5000,0.8308675641104959,0.8039833167750213,0.8308675641104959,0.7077760731311632,0.8308675641104959,0.5846845821518305,0.8308675641104959,0.9953333333333334,0.986,0.986,0.8232,0.6658
0.1,3,0.3,5000,0.8308675641104959,0.791932553104049,0.8308675641104959,0.5539117094069973,0.8308675641104959,0.4615930911724977,0.8308675641104959,0.9688,0.9064,0.9064,0.8172,0.6664
0.1,3,0.1,5000,0.8308675641104959,0.7888291499897574,0.8308675641104959,0.5539117094069973,0.8308675641104959,0.4615930911724977,0.8308675641104959,0.9433333333333334,0.83,0.83,0.7474,0.6002
0.25,8,0.85,5000,0.8308675641104959,0.8059230276868223,0.8308675641104959,0.7385489458759964,0.8308675641104959,0.67700320038633,0.8308675641104959,1.0,1.0,1.0,0.8878,0.5146
0.25,8,0.75,5000,0.8308675641104959,0.7794086461871075,0.8091838819320085,0.6462303276414968,0.8308675641104959,0.6154574548966636,0.8397191227596315,0.9996666666666666,0.999,0.999,0.6422,0.3762
0.25,8,0.5,5000,0.8308675641104959,0.7613953349115151,0.7693218186208295,0.6154574548966636,0.8308675641104959,0.5539117094069973,0.8397191227596315,0.9662666666666668,0.8988,0.8988,0.5702,0.2718
0.25,8,0.3,5000,0.8308675641104959,0.7356079177556588,0.7693218186208295,0.5529344596608179,0.8308675641104959,0.4615930911724977,0.8308675641104959,0.9092,0.7276,0.7276,0.533,0.274
0.25,8,0.1,5000,0.8308675641104959,0.7223676466746272,0.7481134002767625,0.5231388366621641,0.8308675641104959,0.4615930911724977,0.8616404368553291,0.8563333333333334,0.569,0.569,0.3914,0.1906
0.5,16,0.85,5000,0.8308675641104959,0.7760096344017494,0.7786486411043855,0.6870429186215167,0.8308675641104959,0.6462303276414968,0.8397191227596315,1.0,1.0,1.0,0.6284,0.1602
0.5,16,0.75,5000,0.8308675641104959,0.7443582521171422,0.7481134002767625,0.6462303276414968,0.8308675641104959,0.6154574548966636,0.8397191227596315,0.9906666666666668,0.972,0.972,0.3854,0.0918
0.5,16,0.5,5000,0.8308675641104959,0.7057308910225424,0.7077760731311632,0.5846845821518305,0.8091838819320085,0.531509589558614,0.8397191227596315,0.8812666666666666,0.6438,0.6438,0.228,0.0358
0.5,16,0.3,5000,0.8308675641104959,0.6683584562005511,0.6870429186215167,0.5038314736557788,0.8091838819320085,0.4615930911724977,0.8702543635872544,0.8079333333333334,0.4238,0.4238,0.178,0.0292
0.5,16,0.1,5000,0.8308675641104959,0.6448645934603269,0.67700320038633,0.4615930911724977,0.8000946913656627,0.40004734568283135,0.8616404368553291,0.7642,0.2932,0.2932,0.1162,0.0156
0.75,25,0.85,5000,0.8308675641104959,0.7662770342798018,0.7786486411043855,0.6870429186215167,0.8397191227596315,0.6259724369662707,0.8397191227596315,1.0,1.0,1.0,0.3312,0.1048
0.75,25,0.75,5000,0.8308675641104959,0.7351302638777995,0.7385489458759964,0.6565076777938936,0.8308675641104959,0.5954371961386478,0.8397191227596315,0.9721333333333332,0.9164,0.9164,0.2354,0.0618
0.75,25,0.5,5000,0.8308675641104959,0.6786916934771301,0.6870429186215167,0.5649019553110248,0.8000946913656627,0.4807501753725433,0.8924133096001623,0.8059333333333334,0.4178,0.4178,0.0714,0.0074
0.75,25,0.3,5000,0.8308675641104959,0.6273615211079927,0.5954371961386478,0.5038314736557788,0.7786486411043855,0.40004734568283135,0.8702543635872544,0.7246,0.1812,0.1812,0.0488,0.0042
0.75,25,0.1,5000,0.8308675641104959,0.569532206953891,0.5343667144834018,0.41222575117291,0.7481134002767625,0.25954954703479516,0.8924133096001623,0.6666,0.073,0.073,0.0258,0.001
1.0,33,0.85,1,0.8308675641104959,0.8308675641104959,0.8308675641104959,0.8308675641104959,0.8308675641104959,0.8308675641104959,0.8308675641104959,1.0,1.0,1.0,1.0,1.0
1.0,33,0.75,1,0.8308675641104959,0.8308675641104959,0.8308675641104959,0.8308675641104959,0.8308675641104959,0.8308675641104959,0.8308675641104959,1.0,1.0,1.0,1.0,1.0
1.0,33,0.5,1,0.8308675641104959,0.8308675641104959,0.8308675641104959,0.8308675641104959,0.8308675641104959,0.8308675641104959,0.8308675641104959,1.0,1.0,1.0,1.0,1.0
1.0,33,0.3,1,0.8308675641104959,0.8308675641104959,0.8308675641104959,0.8308675641104959,0.8308675641104959,0.8308675641104959,0.8308675641104959,1.0,1.0,1.0,1.0,1.0
1.0,33,0.1,1,0.8308675641104959,0.8308675641104959,0.8308675641104959,0.8308675641104959,0.8308675641104959,0.8308675641104959,0.8308675641104959,1.0,1.0,1.0,1.0,1.0
