q_fraction_downgraded,n_nodes_downgraded,beta_downgraded_strength,role,baseline_coverage_percent,mean_coverage_percent,median_coverage_percent,p05_coverage_percent,p95_coverage_percent,min_observed_coverage_percent,max_observed_coverage_percent
0.1,3,0.85,Penetration Tester,68.08333333333333,67.69535583333332,68.08333333333333,66.83333333333333,68.08333333333333,64.33333333333333,68.08333333333333
0.1,3,0.85,Cybersecurity Implementer,66.72727272727272,66.54374363636363,66.72727272727272,65.36363636363637,66.72727272727272,63.53636363636363,66.72727272727272
0.1,3,0.85,Cyber Threat Intelligence Specialist,56.46153846153846,55.91809076923078,56.46153846153846,51.846153846153854,56.46153846153846,50.69230769230769,56.46153846153846
0.1,3,0.85,Cyber Incident Responder,41.07692307692308,40.724090769230756,41.07692307692308,38.76923076923077,41.07692307692308,37.223076923076924,41.07692307692308
0.1,3,0.85,Digital Forensics Investigator,41.07692307692308,40.6195523076923,41.07692307692308,38.76923076923077,41.07692307692308,37.223076923076924,41.07692307692308
0.1,3,0.85,Cybersecurity Risk Manager,50.0,49.5956,50.0,47.0,50.0,45.49999999999999,50.0
0.1,3,0.85,Cybersecurity Architect,40.0,39.8254,40.0,38.0,40.0,38.0,40.0
0.1,3,0.85,Cybersecurity Auditor,12.5,12.5,12.5,12.5,12.5,12.5,12.5
0.1,3,0.85,"Cyber Legal, Policy & Compliance Officer",0.0,0.0,0.0,0.0,0.0,0.0,0.0
0.1,3,0.85,Cybersecurity Educator,37.5,37.332750000000004,37.5,35.625,37.5,35.625,37.5
0.1,3,0.85,Chief Information Security Officer (CISO),9.090909090909092,9.090909090909092,9.090909090909092,9.090909090909092,9.090909090909092,9.090909090909092,9.090909090909092
0.1,3,0.85,Cybersecurity Researcher,0.0,0.0,0.0,0.0,0.0,0.0,0.0
0.1,3,0.75,Penetration Tester,68.08333333333333,67.56235833333332,68.08333333333333,66.0,68.08333333333333,62.5,68.08333333333333
0.1,3,0.75,Cybersecurity Implementer,66.72727272727272,66.48429090909089,66.72727272727272,65.18181818181819,66.72727272727272,62.18181818181818,66.72727272727272
0.1,3,0.75,Cyber Threat Intelligence Specialist,56.46153846153846,55.53463076923077,56.46153846153846,48.769230769230774,56.46153846153846,46.19230769230769,56.46153846153846
0.1,3,0.75,Cyber Incident Responder,41.07692307692308,40.548769230769224,41.07692307692308,37.230769230769226,41.07692307692308,35.26923076923077,41.07692307692308
0.1,3,0.75,Digital Forensics Investigator,41.07692307692308,40.41943076923077,41.07692307692308,37.230769230769226,41.07692307692308,34.61538461538461,41.07692307692308
0.1,3,0.75,Cybersecurity Risk Manager,50.0,49.40388,50.0,45.0,50.0,43.3,50.0
0.1,3,0.75,Cybersecurity Architect,40.0,39.705,40.0,36.666666666666664,40.0,36.666666666666664,40.0
0.1,3,0.75,Cybersecurity Auditor,12.5,12.5,12.5,12.5,12.5,12.5,12.5
0.1,3,0.75,"Cyber Legal, Policy & Compliance Officer",0.0,0.0,0.0,0.0,0.0,0.0,0.0
0.1,3,0.75,Cybersecurity Educator,37.5,37.2025,37.5,34.375,37.5,34.375,37.5
0.1,3,0.75,Chief Information Security Officer (CISO),9.090909090909092,9.090909090909092,9.090909090909092,9.090909090909092,9.090909090909092,9.090909090909092,9.090909090909092
0.1,3,0.75,Cybersecurity Researcher,0.0,0.0,0.0,0.0,0.0,0.0,0.0
0.1,3,0.5,Penetration Tester,68.08333333333333,67.23575833333332,68.08333333333333,63.916666666666664,68.08333333333333,59.83333333333333,68.08333333333333
0.1,3,0.5,Cybersecurity Implementer,66.72727272727272,66.40758181818181,66.72727272727272,65.18181818181819,66.72727272727272,60.63636363636363,66.72727272727272
0.1,3,0.5,Cyber Threat Intelligence Specialist,56.46153846153846,54.51726153846155,56.46153846153846,41.07692307692308,56.46153846153846,35.92307692307693,56.46153846153846
0.1,3,0.5,Cyber Incident Responder,41.07692307692308,40.09373846153845,41.07692307692308,33.38461538461539,41.07692307692308,32.07692307692307,41.07692307692308
0.1,3,0.5,Digital Forensics Investigator,41.07692307692308,39.96869230769231,41.07692307692308,33.38461538461539,41.07692307692308,30.76923076923077,41.07692307692308
0.1,3,0.5,Cybersecurity Risk Manager,50.0,48.89842,50.0,40.0,50.0,38.3,50.0
0.1,3,0.5,Cybersecurity Architect,40.0,39.37199999999999,40.0,33.33333333333333,40.0,33.33333333333333,40.0
0.1,3,0.5,Cybersecurity Auditor,12.5,12.5,12.5,12.5,12.5,12.5,12.5
0.1,3,0.5,"Cyber Legal, Policy & Compliance Officer",0.0,0.0,0.0,0.0,0.0,0.0,0.0
0.1,3,0.5,Cybersecurity Educator,37.5,36.935,37.5,31.25,37.5,31.25,37.5
0.1,3,0.5,Chief Information Security Officer (CISO),9.090909090909092,9.090909090909092,9.090909090909092,9.090909090909092,9.090909090909092,9.090909090909092,9.090909090909092
0.1,3,0.5,Cybersecurity Researcher,0.0,0.0,0.0,0.0,0.0,0.0,0.0
0.1,3,0.3,Penetration Tester,68.08333333333333,67.03712666666667,68.08333333333333,62.24999999999999,68.08333333333333,54.99999999999999,68.08333333333333
0.1,3,0.3,Cybersecurity Implementer,66.72727272727272,66.34159272727271,66.72727272727272,64.56363636363636,66.72727272727272,60.36363636363637,66.72727272727272
0.1,3,0.3,Cyber Threat Intelligence Specialist,56.46153846153846,53.85148615384616,56.46153846153846,34.92307692307692,56.46153846153846,27.707692307692305,56.46153846153846
0.1,3,0.3,Cyber Incident Responder,41.07692307692308,39.80882461538461,41.07692307692308,30.307692307692307,41.07692307692308,24.923076923076927,41.07692307692308
0.1,3,0.3,Digital Forensics Investigator,41.07692307692308,39.68582461538461,41.07692307692308,30.307692307692307,41.07692307692308,24.923076923076927,41.07692307692308
0.1,3,0.3,Cybersecurity Risk Manager,50.0,48.60294,50.0,36.0,50.0,32.7,50.0
0.1,3,0.3,Cybersecurity Architect,40.0,39.18426666666666,40.0,30.666666666666664,40.0,30.666666666666664,40.0
0.1,3,0.3,Cybersecurity Auditor,12.5,12.5,12.5,12.5,12.5,12.5,12.5
0.1,3,0.3,"Cyber Legal, Policy & Compliance Officer",0.0,0.0,0.0,0.0,0.0,0.0,0.0
0.1,3,0.3,Cybersecurity Educator,37.5,36.66525,37.5,28.749999999999996,37.5,28.749999999999996,37.5
0.1,3,0.3,Chief Information Security Officer (CISO),9.090909090909092,9.090909090909092,9.090909090909092,9.090909090909092,9.090909090909092,9.090909090909092,9.090909090909092
0.1,3,0.3,Cybersecurity Researcher,0.0,0.0,0.0,0.0,0.0,0.0,0.0
0.1,3,0.1,Penetration Tester,68.08333333333333,66.83242333333332,68.08333333333333,60.583333333333336,68.08333333333333,51.66666666666667,68.08333333333333
0.1,3,0.1,Cybersecurity Implementer,66.72727272727272,66.28420727272726,66.72727272727272,63.94545454545454,66.72727272727272,56.99999999999999,66.72727272727272
0.1,3,0.1,Cyber Threat Intelligence Specialist,56.46153846153846,53.13203692307693,56.46153846153846,28.76923076923077,56.46153846153846,21.846153846153847,56.46153846153846
0.1,3,0.1,Cyber Incident Responder,41.07692307692308,39.47408307692307,41.07692307692308,27.23076923076923,41.07692307692308,24.69230769230769,41.07692307692308
0.1,3,0.1,Digital Forensics Investigator,41.07692307692308,39.34554461538461,41.07692307692308,27.23076923076923,41.07692307692308,23.56923076923077,41.07692307692308
0.1,3,0.1,Cybersecurity Risk Manager,50.0,48.22706,50.0,32.0,50.0,28.700000000000003,50.0
0.1,3,0.1,Cybersecurity Architect,40.0,38.9212,40.0,28.000000000000004,40.0,28.000000000000004,40.0
0.1,3,0.1,Cybersecurity Auditor,12.5,12.5,12.5,12.5,12.5,12.5,12.5
0.1,3,0.1,"Cyber Legal, Policy & Compliance Officer",0.0,0.0,0.0,0.0,0.0,0.0,0.0
0.1,3,0.1,Cybersecurity Educator,37.5,36.426750000000006,37.5,26.25,37.5,26.25,37.5
0.1,3,0.1,Chief Information Security Officer (CISO),9.090909090909092,9.090909090909092,9.090909090909092,9.090909090909092,9.090909090909092,9.090909090909092,9.090909090909092
0.1,3,0.1,Cybersecurity Researcher,0.0,0.0,0.0,0.0,0.0,0.0,0.0
0.25,8,0.85,Penetration Tester,68.08333333333333,66.94582333333334,66.83333333333333,65.15833333333333,68.08333333333333,62.045833333333334,68.08333333333333
0.25,8,0.85,Cybersecurity Implementer,66.72727272727272,66.15591454545454,66.72727272727272,64.0,66.72727272727272,62.17272727272728,66.72727272727272
0.25,8,0.85,Cyber Threat Intelligence Specialist,56.46153846153846,54.93938923076923,56.06923076923077,50.69230769230769,56.46153846153846,49.14615384615385,56.46153846153846
0.25,8,0.85,Cyber Incident Responder,41.07692307692308,40.097543076923074,40.68461538461538,37.61538461538461,41.07692307692308,36.06923076923077,41.07692307692308
0.25,8,0.85,Digital Forensics Investigator,41.07692307692308,39.8243123076923,39.92307692307693,37.61538461538461,41.07692307692308,35.30769230769231,41.07692307692308
0.25,8,0.85,Cybersecurity Risk Manager,50.0,48.92389999999999,50.0,45.49999999999999,50.0,45.49999999999999,50.0
0.25,8,0.85,Cybersecurity Architect,40.0,39.51559999999999,40.0,38.0,40.0,37.0,40.0
0.25,8,0.85,Cybersecurity Auditor,12.5,12.5,12.5,12.5,12.5,12.5,12.5
0.25,8,0.85,"Cyber Legal, Policy & Compliance Officer",0.0,0.0,0.0,0.0,0.0,0.0,0.0
0.25,8,0.85,Cybersecurity Educator,37.5,37.031625,37.5,35.625,37.5,35.625,37.5
0.25,8,0.85,Chief Information Security Officer (CISO),9.090909090909092,9.090636363636365,9.090909090909092,9.090909090909092,9.090909090909092,7.727272727272727,9.090909090909092
0.25,8,0.85,Cybersecurity Researcher,0.0,0.0,0.0,0.0,0.0,0.0,0.0
0.25,8,0.75,Penetration Tester,68.08333333333333,66.39938333333333,66.66666666666666,63.87500000000001,68.08333333333333,58.020833333333336,68.08333333333333
0.25,8,0.75,Cybersecurity Implementer,66.72727272727272,65.93663636363635,66.72727272727272,63.63636363636363,66.72727272727272,59.909090909090914,66.72727272727272
0.25,8,0.75,Cyber Threat Intelligence Specialist,56.46153846153846,53.95249230769231,55.8076923076923,46.84615384615384,56.46153846153846,44.26923076923077,56.46153846153846
0.25,8,0.75,Cyber Incident Responder,41.07692307692308,39.544753846153846,40.42307692307692,35.92307692307693,41.07692307692308,33.34615384615385,41.07692307692308
0.25,8,0.75,Digital Forensics Investigator,41.07692307692308,39.2114,39.76923076923077,35.30769230769231,41.07692307692308,33.34615384615385,41.07692307692308
0.25,8,0.75,Cybersecurity Risk Manager,50.0,48.35794,50.0,43.3,50.0,42.5,50.0
0.25,8,0.75,Cybersecurity Architect,40.0,39.203666666666656,40.0,36.666666666666664,40.0,35.0,40.0
0.25,8,0.75,Cybersecurity Auditor,12.5,12.49875,12.5,12.5,12.5,9.375,12.5
0.25,8,0.75,"Cyber Legal, Policy & Compliance Officer",0.0,0.0,0.0,0.0,0.0,0.0,0.0
0.25,8,0.75,Cybersecurity Educator,37.5,36.7325,37.5,34.375,37.5,34.375,37.5
0.25,8,0.75,Chief Information Security Officer (CISO),9.090909090909092,9.090909090909092,9.090909090909092,9.090909090909092,9.090909090909092,9.090909090909092,9.090909090909092
0.25,8,0.75,Cybersecurity Researcher,0.0,0.0,0.0,0.0,0.0,0.0,0.0
0.25,8,0.5,Penetration Tester,68.08333333333333,65.39360833333332,66.66666666666666,61.083333333333336,68.08333333333333,51.416666666666664,68.08333333333333
0.25,8,0.5,Cybersecurity Implementer,66.72727272727272,65.55010909090907,66.72727272727272,62.18181818181818,66.72727272727272,54.63636363636364,66.72727272727272
0.25,8,0.5,Cyber Threat Intelligence Specialist,56.46153846153846,51.25515384615385,55.15384615384615,37.230769230769226,56.46153846153846,32.07692307692307,56.46153846153846
0.25,8,0.5,Cyber Incident Responder,41.07692307692308,38.27795384615385,39.76923076923077,32.07692307692307,41.07692307692308,26.923076923076923,41.07692307692308
0.25,8,0.5,Digital Forensics Investigator,41.07692307692308,37.87949230769232,39.76923076923077,32.07692307692307,41.07692307692308,26.923076923076923,41.07692307692308
0.25,8,0.5,Cybersecurity Risk Manager,50.0,47.03764,50.0,38.3,50.0,35.0,50.0
0.25,8,0.5,Cybersecurity Architect,40.0,38.33333333333333,40.0,33.33333333333333,40.0,30.0,40.0
0.25,8,0.5,Cybersecurity Auditor,12.5,12.4975,12.5,12.5,12.5,6.25,12.5
0.25,8,0.5,"Cyber Legal, Policy & Compliance Officer",0.0,0.0,0.0,0.0,0.0,0.0,0.0
0.25,8,0.5,Cybersecurity Educator,37.5,36.0,37.5,31.25,37.5,25.0,37.5
0.25,8,0.5,Chief Information Security Officer (CISO),9.090909090909092,9.08818181818182,9.090909090909092,9.090909090909092,9.090909090909092,4.545454545454546,9.090909090909092
0.25,8,0.5,Cybersecurity Researcher,0.0,0.0,0.0,0.0,0.0,0.0,0.0
0.25,8,0.3,Penetration Tester,68.08333333333333,64.65308999999999,66.10000000000001,58.85,68.08333333333333,47.599999999999994,68.08333333333333
0.25,8,0.3,Cybersecurity Implementer,66.72727272727272,65.2634509090909,66.72727272727272,60.36363636363637,66.72727272727272,52.2,66.72727272727272
0.25,8,0.3,Cyber Threat Intelligence Specialist,56.46153846153846,49.35905846153846,54.63076923076924,29.538461538461537,56.46153846153846,22.323076923076922,56.46153846153846
0.25,8,0.3,Cyber Incident Responder,41.07692307692308,37.42928923076923,39.76923076923077,28.47692307692308,41.07692307692308,21.784615384615382,41.07692307692308
0.25,8,0.3,Digital Forensics Investigator,41.07692307692308,37.025473846153844,39.246153846153845,28.47692307692308,41.07692307692308,21.384615384615387,41.07692307692308
0.25,8,0.3,Cybersecurity Risk Manager,50.0,46.2131,50.0,36.0,50.0,29.4,50.0
0.25,8,0.3,Cybersecurity Architect,40.0,37.76559999999999,40.0,30.666666666666664,40.0,26.0,40.0
0.25,8,0.3,Cybersecurity Auditor,12.5,12.496500000000001,12.5,12.5,12.5,3.75,12.5
0.25,8,0.3,"Cyber Legal, Policy & Compliance Officer",0.0,0.0,0.0,0.0,0.0,0.0,0.0
0.25,8,0.3,Cybersecurity Educator,37.5,35.328250000000004,37.5,28.749999999999996,37.5,20.0,37.5
0.25,8,0.3,Chief Information Security Officer (CISO),9.090909090909092,9.088363636363637,9.090909090909092,9.090909090909092,9.090909090909092,2.727272727272727,9.090909090909092
0.25,8,0.3,Cybersecurity Researcher,0.0,0.0,0.0,0.0,0.0,0.0,0.0
0.25,8,0.1,Penetration Tester,68.08333333333333,63.83766166666667,65.53333333333333,56.61666666666666,68.08333333333333,40.666666666666664,68.08333333333333
0.25,8,0.1,Cybersecurity Implementer,66.72727272727272,65.07075272727272,66.72727272727272,58.54545454545455,66.72727272727272,46.54545454545455,66.72727272727272
0.25,8,0.1,Cyber Threat Intelligence Specialist,56.46153846153846,46.92176,54.107692307692304,21.846153846153847,56.46153846153846,12.56923076923077,56.46153846153846
0.25,8,0.1,Cyber Incident Responder,41.07692307692308,36.29828307692307,39.76923076923077,24.876923076923077,41.07692307692308,17.76923076923077,41.07692307692308
0.25,8,0.1,Digital Forensics Investigator,41.07692307692308,35.90349846153846,38.723076923076924,24.69230769230769,41.07692307692308,17.69230769230769,41.07692307692308
0.25,8,0.1,Cybersecurity Risk Manager,50.0,44.96827999999999,50.0,30.3,50.0,27.0,50.0
0.25,8,0.1,Cybersecurity Architect,40.0,36.9148,40.0,28.000000000000004,40.0,22.0,40.0
0.25,8,0.1,Cybersecurity Auditor,12.5,12.49775,12.5,12.5,12.5,1.25,12.5
0.25,8,0.1,"Cyber Legal, Policy & Compliance Officer",0.0,0.0,0.0,0.0,0.0,0.0,0.0
0.25,8,0.1,Cybersecurity Educator,37.5,34.7325,37.5,26.25,37.5,26.25,37.5
0.25,8,0.1,Chief Information Security Officer (CISO),9.090909090909092,9.089272727272729,9.090909090909092,9.090909090909092,9.090909090909092,0.9090909090909092,9.090909090909092
0.25,8,0.1,Cybersecurity Researcher,0.0,0.0,0.0,0.0,0.0,0.0,0.0
0.5,16,0.85,Penetration Tester,68.08333333333333,65.30322833333334,65.37083333333334,62.65833333333334,67.65833333333333,60.158333333333324,68.08333333333333
0.5,16,0.85,Cybersecurity Implementer,66.72727272727272,65.18363090909091,65.36363636363637,63.49136363636365,66.72727272727272,59.445454545454545,66.72727272727272
0.5,16,0.85,Cyber Threat Intelligence Specialist,56.46153846153846,53.218533846153846,53.761538461538464,50.3,56.46153846153846,49.14615384615385,56.46153846153846
0.5,16,0.85,Cyber Incident Responder,41.07692307692308,38.93976461538461,38.76923076923077,37.223076923076924,41.07692307692308,36.06923076923077,41.07692307692308
0.5,16,0.85,Digital Forensics Investigator,41.07692307692308,38.376226153846154,38.37692307692308,36.06923076923077,40.68461538461538,34.91538461538462,41.07692307692308
0.5,16,0.85,Cybersecurity Risk Manager,50.0,47.77190000000001,48.5,45.49999999999999,50.0,44.00000000000001,50.0
0.5,16,0.85,Cybersecurity Architect,40.0,38.8884,38.99999999999999,37.0,40.0,36.00000000000001,40.0
0.5,16,0.85,Cybersecurity Auditor,12.5,12.468499999999999,12.5,12.5,12.5,10.625,12.5
0.5,16,0.85,"Cyber Legal, Policy & Compliance Officer",0.0,0.0,0.0,0.0,0.0,0.0,0.0
0.5,16,0.85,Cybersecurity Educator,37.5,36.517875000000004,35.625,35.625,37.5,33.75,37.5
0.5,16,0.85,Chief Information Security Officer (CISO),9.090909090909092,9.068545454545458,9.090909090909092,9.090909090909092,9.090909090909092,7.727272727272727,9.090909090909092
0.5,16,0.85,Cybersecurity Researcher,0.0,0.0,0.0,0.0,0.0,0.0,0.0
0.5,16,0.75,Penetration Tester,68.08333333333333,63.80485,63.95833333333333,59.791666666666664,67.375,51.770833333333336,68.08333333333333
0.5,16,0.75,Cybersecurity Implementer,66.72727272727272,64.40274545454545,64.45454545454545,61.36363636363637,66.72727272727272,54.59090909090909,66.72727272727272
0.5,16,0.75,Cyber Threat Intelligence Specialist,56.46153846153846,51.0581076923077,51.96153846153846,44.92307692307692,56.46153846153846,42.34615384615385,56.46153846153846
0.5,16,0.75,Cyber Incident Responder,41.07692307692308,37.72624615384615,37.230769230769226,34.65384615384615,41.07692307692308,32.730769230769226,41.07692307692308
0.5,16,0.75,Digital Forensics Investigator,41.07692307692308,36.963353846153844,37.19230769230769,33.34615384615385,40.42307692307692,30.807692307692307,41.07692307692308
0.5,16,0.75,Cybersecurity Risk Manager,50.0,46.56668,47.5,42.5,50.0,40.0,50.0
0.5,16,0.75,Cybersecurity Architect,40.0,38.16166666666667,38.333333333333336,35.0,40.0,33.33333333333333,40.0
0.5,16,0.75,Cybersecurity Auditor,12.5,12.433125,12.5,12.5,12.5,9.375,12.5
0.5,16,0.75,"Cyber Legal, Policy & Compliance Officer",0.0,0.0,0.0,0.0,0.0,0.0,0.0
0.5,16,0.75,Cybersecurity Educator,37.5,35.870625000000004,34.375,34.375,37.5,31.25,37.5
0.5,16,0.75,Chief Information Security Officer (CISO),9.090909090909092,9.043636363636367,9.090909090909092,9.090909090909092,9.090909090909092,6.8181818181818175,9.090909090909092
0.5,16,0.75,Cybersecurity Researcher,0.0,0.0,0.0,0.0,0.0,0.0,0.0
0.5,16,0.5,Penetration Tester,68.08333333333333,60.68677499999999,61.083333333333336,52.75,66.66666666666666,38.916666666666664,68.08333333333333
0.5,16,0.5,Cybersecurity Implementer,66.72727272727272,62.899618181818184,63.63636363636363,56.18181818181818,66.72727272727272,42.45454545454545,66.72727272727272
0.5,16,0.5,Cyber Threat Intelligence Specialist,56.46153846153846,45.72155384615385,47.46153846153846,33.38461538461539,56.46153846153846,28.23076923076923,56.46153846153846
0.5,16,0.5,Cyber Incident Responder,41.07692307692308,34.85252307692308,34.61538461538461,28.23076923076923,41.07692307692308,24.384615384615387,41.07692307692308
0.5,16,0.5,Digital Forensics Investigator,41.07692307692308,33.78607692307692,33.38461538461539,26.923076923076923,39.76923076923077,20.53846153846154,41.07692307692308
0.5,16,0.5,Cybersecurity Risk Manager,50.0,43.75906,45.0,35.0,50.0,31.7,50.0
0.5,16,0.5,Cybersecurity Architect,40.0,36.36866666666666,36.666666666666664,30.0,40.0,26.666666666666668,40.0
0.5,16,0.5,Cybersecurity Auditor,12.5,12.36375,12.5,12.5,12.5,6.25,12.5
0.5,16,0.5,"Cyber Legal, Policy & Compliance Officer",0.0,0.0,0.0,0.0,0.0,0.0,0.0
0.5,16,0.5,Cybersecurity Educator,37.5,34.21125,31.25,31.25,37.5,25.0,37.5
0.5,16,0.5,Chief Information Security Officer (CISO),9.090909090909092,9.016363636363637,9.090909090909092,9.090909090909092,9.090909090909092,4.545454545454546,9.090909090909092
0.5,16,0.5,Cybersecurity Researcher,0.0,0.0,0.0,0.0,0.0,0.0,0.0
0.5,16,0.3,Penetration Tester,68.08333333333333,58.54423833333334,58.93333333333334,47.75,66.66666666666666,35.93333333333334,68.08333333333333
0.5,16,0.3,Cybersecurity Implementer,66.72727272727272,61.91236,63.018181818181816,54.36363636363637,66.72727272727272,42.0,66.72727272727272
0.5,16,0.3,Cyber Threat Intelligence Specialist,56.46153846153846,41.23733538461539,43.861538461538466,27.707692307692305,56.46153846153846,16.93846153846154,56.46153846153846
0.5,16,0.3,Cyber Incident Responder,41.07692307692308,32.631673846153845,32.55384615384615,23.09230769230769,41.07692307692308,19.24615384615384,41.07692307692308
0.5,16,0.3,Digital Forensics Investigator,41.07692307692308,31.449750769230768,30.307692307692307,21.784615384615382,39.76923076923077,14.16923076923077,41.07692307692308
0.5,16,0.3,Cybersecurity Risk Manager,50.0,41.64644,43.4,31.0,50.0,24.0,50.0
0.5,16,0.3,Cybersecurity Architect,40.0,34.83026666666667,35.333333333333336,26.0,40.0,21.333333333333336,40.0
0.5,16,0.3,Cybersecurity Auditor,12.5,12.353,12.5,12.5,12.5,3.75,12.5
0.5,16,0.3,"Cyber Legal, Policy & Compliance Officer",0.0,0.0,0.0,0.0,0.0,0.0,0.0
0.5,16,0.3,Cybersecurity Educator,37.5,32.90625,28.749999999999996,28.749999999999996,37.5,20.0,37.5
0.5,16,0.3,Chief Information Security Officer (CISO),9.090909090909092,8.982727272727274,9.090909090909092,9.090909090909092,9.090909090909092,2.727272727272727,9.090909090909092
0.5,16,0.3,Cybersecurity Researcher,0.0,0.0,0.0,0.0,0.0,0.0,0.0
0.5,16,0.1,Penetration Tester,68.08333333333333,56.66686333333334,56.7,44.166666666666664,66.66666666666666,21.2,68.08333333333333
0.5,16,0.1,Cybersecurity Implementer,66.72727272727272,61.20495272727272,63.63636363636363,52.545454545454554,66.72727272727272,33.4,66.72727272727272
0.5,16,0.1,Cyber Threat Intelligence Specialist,56.46153846153846,36.77086769230769,40.26153846153846,19.49230769230769,56.46153846153846,5.646153846153846,56.46153846153846
0.5,16,0.1,Cyber Incident Responder,41.07692307692308,30.532221538461535,29.26153846153846,18.988461538461543,41.07692307692308,12.876923076923077,41.07692307692308
0.5,16,0.1,Digital Forensics Investigator,41.07692307692308,29.362006153846153,27.23076923076923,17.76923076923077,39.76923076923077,7.184615384615385,41.07692307692308
0.5,16,0.1,Cybersecurity Risk Manager,50.0,39.559160000000006,41.0,27.0,50.0,13.999999999999998,50.0
0.5,16,0.1,Cybersecurity Architect,40.0,33.3004,34.0,22.0,40.0,16.0,40.0
0.5,16,0.1,Cybersecurity Auditor,12.5,12.279499999999999,12.5,12.5,12.5,1.25,12.5
0.5,16,0.1,"Cyber Legal, Policy & Compliance Officer",0.0,0.0,0.0,0.0,0.0,0.0,0.0
0.5,16,0.1,Cybersecurity Educator,37.5,31.57125,26.25,26.25,37.5,15.0,37.5
0.5,16,0.1,Chief Information Security Officer (CISO),9.090909090909092,8.956727272727274,9.090909090909092,9.090909090909092,9.090909090909092,0.9090909090909092,9.090909090909092
0.5,16,0.1,Cybersecurity Researcher,0.0,0.0,0.0,0.0,0.0,0.0,0.0
0.75,25,0.85,Penetration Tester,68.08333333333333,62.51008083333333,62.87083333333333,59.12083333333334,65.37083333333334,57.87083333333333,67.65833333333333
0.75,25,0.85,Cybersecurity Implementer,66.72727272727272,62.95121090909092,63.53636363636363,59.445454545454545,66.26363636363635,56.71818181818181,66.72727272727272
0.75,25,0.85,Cyber Threat Intelligence Specialist,56.46153846153846,50.87471692307693,50.3,48.38461538461539,54.915384615384625,47.99230769230769,56.46153846153846
0.75,25,0.85,Cyber Incident Responder,41.07692307692308,37.42140923076923,37.223076923076924,36.06923076923077,39.53076923076923,34.91538461538462,41.07692307692308
0.75,25,0.85,Digital Forensics Investigator,41.07692307692308,36.65964,36.46153846153846,34.91538461538462,38.76923076923077,34.91538461538462,41.07692307692308
0.75,25,0.85,Cybersecurity Risk Manager,50.0,46.184,45.49999999999999,44.00000000000001,48.5,42.5,50.0
0.75,25,0.85,Cybersecurity Architect,40.0,37.5678,38.0,36.00000000000001,40.0,34.0,40.0
0.75,25,0.85,Cybersecurity Auditor,12.5,12.089,12.5,10.625,12.5,10.625,12.5
0.75,25,0.85,"Cyber Legal, Policy & Compliance Officer",0.0,0.0,0.0,0.0,0.0,0.0,0.0
0.75,25,0.85,Cybersecurity Educator,37.5,35.23725,35.625,33.75,37.5,31.874999999999996,37.5
0.75,25,0.85,Chief Information Security Officer (CISO),9.090909090909092,8.789545454545456,9.090909090909092,7.727272727272727,9.090909090909092,7.727272727272727,9.090909090909092
0.75,25,0.85,Cybersecurity Researcher,0.0,0.0,0.0,0.0,0.0,0.0,0.0
0.75,25,0.75,Penetration Tester,68.08333333333333,59.08392916666667,59.39583333333333,53.541666666666664,63.87500000000001,51.0625,67.375
0.75,25,0.75,Cybersecurity Implementer,66.72727272727272,60.60641818181818,61.409090909090914,55.36363636363636,64.45454545454545,50.81818181818182,66.72727272727272
0.75,25,0.75,Cyber Threat Intelligence Specialist,56.46153846153846,47.171076923076924,46.19230769230769,44.26923076923077,53.88461538461539,42.34615384615385,56.46153846153846
0.75,25,0.75,Cyber Incident Responder,41.07692307692308,35.12295384615384,34.65384615384615,32.730769230769226,38.88461538461539,30.807692307692307,41.07692307692308
0.75,25,0.75,Digital Forensics Investigator,41.07692307692308,33.90486153846154,33.38461538461539,30.807692307692307,37.80769230769231,30.807692307692307,41.07692307692308
0.75,25,0.75,Cybersecurity Risk Manager,50.0,43.79894,42.5,40.0,48.3,37.5,50.0
0.75,25,0.75,Cybersecurity Architect,40.0,35.967333333333336,36.666666666666664,33.33333333333333,40.0,30.0,40.0
0.75,25,0.75,Cybersecurity Auditor,12.5,11.814375,12.5,9.375,12.5,9.375,12.5
0.75,25,0.75,"Cyber Legal, Policy & Compliance Officer",0.0,0.0,0.0,0.0,0.0,0.0,0.0
0.75,25,0.75,Cybersecurity Educator,37.5,33.765625,34.375,31.25,37.5,28.125,37.5
0.75,25,0.75,Chief Information Security Officer (CISO),9.090909090909092,8.59909090909091,9.090909090909092,6.8181818181818175,9.090909090909092,6.8181818181818175,9.090909090909092
0.75,25,0.75,Cybersecurity Researcher,0.0,0.0,0.0,0.0,0.0,0.0,0.0
0.75,25,0.5,Penetration Tester,68.08333333333333,51.24164166666666,51.416666666666664,38.99999999999999,61.083333333333336,34.041666666666664,68.08333333333333
0.75,25,0.5,Cybersecurity Implementer,66.72727272727272,55.37705454545454,56.09090909090909,45.45454545454545,63.63636363636363,34.90909090909091,66.72727272727272
0.75,25,0.5,Cyber Threat Intelligence Specialist,56.46153846153846,37.88541538461538,35.92307692307693,32.07692307692307,51.30769230769231,28.23076923076923,56.46153846153846
0.75,25,0.5,Cyber Incident Responder,41.07692307692308,29.676923076923078,28.23076923076923,24.384615384615387,37.230769230769226,20.53846153846154,41.07692307692308
0.75,25,0.5,Digital Forensics Investigator,41.07692307692308,27.653153846153845,27.0,20.53846153846154,35.92307692307693,20.53846153846154,41.07692307692308
0.75,25,0.5,Cybersecurity Risk Manager,50.0,38.17476,36.7,30.0,48.3,25.0,50.0
0.75,25,0.5,Cybersecurity Architect,40.0,31.881333333333334,33.33333333333333,26.666666666666668,40.0,20.0,40.0
0.75,25,0.5,Cybersecurity Auditor,12.5,11.09125,12.5,6.25,12.5,6.25,12.5
0.75,25,0.5,"Cyber Legal, Policy & Compliance Officer",0.0,0.0,0.0,0.0,0.0,0.0,0.0
0.75,25,0.5,Cybersecurity Educator,37.5,29.955,31.25,25.0,37.5,18.75,37.5
0.75,25,0.5,Chief Information Security Officer (CISO),9.090909090909092,8.064545454545454,9.090909090909092,4.545454545454546,9.090909090909092,4.545454545454546,9.090909090909092
0.75,25,0.5,Cybersecurity Researcher,0.0,0.0,0.0,0.0,0.0,0.0,0.0
0.75,25,0.3,Penetration Tester,68.08333333333333,45.54394666666667,46.5,32.083333333333336,58.85,20.425,66.66666666666666
0.75,25,0.3,Cybersecurity Implementer,66.72727272727272,51.29024727272727,51.836363636363636,39.1090909090909,63.63636363636363,26.381818181818183,66.72727272727272
0.75,25,0.3,Cyber Threat Intelligence Specialist,56.46153846153846,30.51230153846154,27.707692307692305,22.323076923076922,49.246153846153845,16.93846153846154,56.46153846153846
0.75,25,0.3,Cyber Incident Responder,41.07692307692308,25.542455384615387,24.400000000000002,17.70769230769231,36.0,12.323076923076922,41.07692307692308
0.75,25,0.3,Digital Forensics Investigator,41.07692307692308,22.973424615384616,23.09230769230769,12.938461538461537,34.169230769230765,12.323076923076922,41.07692307692308
0.75,25,0.3,Cybersecurity Risk Manager,50.0,33.99100000000001,32.7,22.400000000000002,48.3,15.0,50.0
0.75,25,0.3,Cybersecurity Architect,40.0,28.642266666666664,30.666666666666664,21.333333333333336,40.0,11.999999999999998,40.0
0.75,25,0.3,Cybersecurity Auditor,12.5,10.487499999999999,12.5,3.75,12.5,3.75,12.5
0.75,25,0.3,"Cyber Legal, Policy & Compliance Officer",0.0,0.0,0.0,0.0,0.0,0.0,0.0
0.75,25,0.3,Cybersecurity Educator,37.5,26.944000000000003,28.749999999999996,20.0,37.5,11.249999999999998,37.5
0.75,25,0.3,Chief Information Security Officer (CISO),9.090909090909092,7.665454545454546,9.090909090909092,2.727272727272727,9.090909090909092,2.727272727272727,9.090909090909092
0.75,25,0.3,Cybersecurity Researcher,0.0,0.0,0.0,0.0,0.0,0.0,0.0
0.75,25,0.1,Penetration Tester,68.08333333333333,40.56784333333333,41.61666666666666,21.808333333333334,56.61666666666666,6.8083333333333345,66.75
0.75,25,0.1,Cybersecurity Implementer,66.72727272727272,48.23373818181818,47.58181818181818,30.909090909090907,63.94545454545454,13.818181818181818,66.72727272727272
0.75,25,0.1,Cyber Threat Intelligence Specialist,56.46153846153846,22.86514769230769,19.49230769230769,8.0,47.184615384615384,5.646153846153846,56.46153846153846
0.75,25,0.1,Cyber Incident Responder,41.07692307692308,21.450178461538464,20.053846153846155,11.03076923076923,36.0,4.107692307692308,41.07692307692308
0.75,25,0.1,Digital Forensics Investigator,41.07692307692308,18.76967076923077,17.953846153846154,7.184615384615385,32.153846153846146,4.107692307692308,41.07692307692308
0.75,25,0.1,Cybersecurity Risk Manager,50.0,30.077139999999996,28.700000000000003,16.400000000000002,48.3,5.0,50.0
0.75,25,0.1,Cybersecurity Architect,40.0,25.3384,28.000000000000004,16.0,40.0,4.000000000000001,40.0
0.75,25,0.1,Cybersecurity Auditor,12.5,10.020499999999998,12.5,1.25,12.5,1.25,12.5
0.75,25,0.1,"Cyber Legal, Policy & Compliance Officer",0.0,0.0,0.0,0.0,0.0,0.0,0.0
0.75,25,0.1,Cybersecurity Educator,37.5,23.896499999999996,26.25,15.0,37.5,3.7500000000000004,37.5
0.75,25,0.1,Chief Information Security Officer (CISO),9.090909090909092,7.246727272727273,9.090909090909092,0.9090909090909092,9.090909090909092,0.9090909090909092,9.090909090909092
0.75,25,0.1,Cybersecurity Researcher,0.0,0.0,0.0,0.0,0.0,0.0,0.0
1.0,33,0.85,Penetration Tester,68.08333333333333,57.87083333333333,57.87083333333333,57.87083333333333,57.87083333333333,57.87083333333333,57.87083333333333
1.0,33,0.85,Cybersecurity Implementer,66.72727272727272,56.71818181818181,56.71818181818181,56.71818181818181,56.71818181818181,56.71818181818181,56.71818181818181
1.0,33,0.85,Cyber Threat Intelligence Specialist,56.46153846153846,47.99230769230769,47.99230769230769,47.99230769230769,47.99230769230769,47.99230769230769,47.99230769230769
1.0,33,0.85,Cyber Incident Responder,41.07692307692308,34.91538461538462,34.91538461538462,34.91538461538462,34.91538461538462,34.91538461538462,34.91538461538462
1.0,33,0.85,Digital Forensics Investigator,41.07692307692308,34.91538461538462,34.91538461538462,34.91538461538462,34.91538461538462,34.91538461538462,34.91538461538462
1.0,33,0.85,Cybersecurity Risk Manager,50.0,42.5,42.5,42.5,42.5,42.5,42.5
1.0,33,0.85,Cybersecurity Architect,40.0,34.0,34.0,34.0,34.0,34.0,34.0
1.0,33,0.85,Cybersecurity Auditor,12.5,10.625,10.625,10.625,10.625,10.625,10.625
1.0,33,0.85,"Cyber Legal, Policy & Compliance Officer",0.0,0.0,0.0,0.0,0.0,0.0,0.0
1.0,33,0.85,Cybersecurity Educator,37.5,31.874999999999996,31.874999999999996,31.874999999999996,31.874999999999996,31.874999999999996,31.874999999999996
1.0,33,0.85,Chief Information Security Officer (CISO),9.090909090909092,7.727272727272727,7.727272727272727,7.727272727272727,7.727272727272727,7.727272727272727,7.727272727272727
1.0,33,0.85,Cybersecurity Researcher,0.0,0.0,0.0,0.0,0.0,0.0,0.0
1.0,33,0.75,Penetration Tester,68.08333333333333,51.0625,51.0625,51.0625,51.0625,51.0625,51.0625
1.0,33,0.75,Cybersecurity Implementer,66.72727272727272,50.04545454545455,50.04545454545455,50.04545454545455,50.04545454545455,50.04545454545455,50.04545454545455
1.0,33,0.75,Cyber Threat Intelligence Specialist,56.46153846153846,42.34615384615385,42.34615384615385,42.34615384615385,42.34615384615385,42.34615384615385,42.34615384615385
1.0,33,0.75,Cyber Incident Responder,41.07692307692308,30.807692307692307,30.807692307692307,30.807692307692307,30.807692307692307,30.807692307692307,30.807692307692307
1.0,33,0.75,Digital Forensics Investigator,41.07692307692308,30.807692307692307,30.807692307692307,30.807692307692307,30.807692307692307,30.807692307692307,30.807692307692307
1.0,33,0.75,Cybersecurity Risk Manager,50.0,37.5,37.5,37.5,37.5,37.5,37.5
1.0,33,0.75,Cybersecurity Architect,40.0,30.0,30.0,30.0,30.0,30.0,30.0
1.0,33,0.75,Cybersecurity Auditor,12.5,9.375,9.375,9.375,9.375,9.375,9.375
1.0,33,0.75,"Cyber Legal, Policy & Compliance Officer",0.0,0.0,0.0,0.0,0.0,0.0,0.0
1.0,33,0.75,Cybersecurity Educator,37.5,28.125,28.125,28.125,28.125,28.125,28.125
1.0,33,0.75,Chief Information Security Officer (CISO),9.090909090909092,6.8181818181818175,6.8181818181818175,6.8181818181818175,6.8181818181818175,6.8181818181818175,6.8181818181818175
1.0,33,0.75,Cybersecurity Researcher,0.0,0.0,0.0,0.0,0.0,0.0,0.0
1.0,33,0.5,Penetration Tester,68.08333333333333,34.041666666666664,34.041666666666664,34.041666666666664,34.041666666666664,34.041666666666664,34.041666666666664
1.0,33,0.5,Cybersecurity Implementer,66.72727272727272,33.36363636363636,33.36363636363636,33.36363636363636,33.36363636363636,33.36363636363636,33.36363636363636
1.0,33,0.5,Cyber Threat Intelligence Specialist,56.46153846153846,28.23076923076923,28.23076923076923,28.23076923076923,28.23076923076923,28.23076923076923,28.23076923076923
1.0,33,0.5,Cyber Incident Responder,41.07692307692308,20.53846153846154,20.53846153846154,20.53846153846154,20.53846153846154,20.53846153846154,20.53846153846154
1.0,33,0.5,Digital Forensics Investigator,41.07692307692308,20.53846153846154,20.53846153846154,20.53846153846154,20.53846153846154,20.53846153846154,20.53846153846154
1.0,33,0.5,Cybersecurity Risk Manager,50.0,25.0,25.0,25.0,25.0,25.0,25.0
1.0,33,0.5,Cybersecurity Architect,40.0,20.0,20.0,20.0,20.0,20.0,20.0
1.0,33,0.5,Cybersecurity Auditor,12.5,6.25,6.25,6.25,6.25,6.25,6.25
1.0,33,0.5,"Cyber Legal, Policy & Compliance Officer",0.0,0.0,0.0,0.0,0.0,0.0,0.0
1.0,33,0.5,Cybersecurity Educator,37.5,18.75,18.75,18.75,18.75,18.75,18.75
1.0,33,0.5,Chief Information Security Officer (CISO),9.090909090909092,4.545454545454546,4.545454545454546,4.545454545454546,4.545454545454546,4.545454545454546,4.545454545454546
1.0,33,0.5,Cybersecurity Researcher,0.0,0.0,0.0,0.0,0.0,0.0,0.0
1.0,33,0.3,Penetration Tester,68.08333333333333,20.425,20.425,20.425,20.425,20.425,20.425
1.0,33,0.3,Cybersecurity Implementer,66.72727272727272,20.01818181818182,20.01818181818182,20.01818181818182,20.01818181818182,20.01818181818182,20.01818181818182
1.0,33,0.3,Cyber Threat Intelligence Specialist,56.46153846153846,16.93846153846154,16.93846153846154,16.93846153846154,16.93846153846154,16.93846153846154,16.93846153846154
1.0,33,0.3,Cyber Incident Responder,41.07692307692308,12.323076923076922,12.323076923076922,12.323076923076922,12.323076923076922,12.323076923076922,12.323076923076922
1.0,33,0.3,Digital Forensics Investigator,41.07692307692308,12.323076923076922,12.323076923076922,12.323076923076922,12.323076923076922,12.323076923076922,12.323076923076922
1.0,33,0.3,Cybersecurity Risk Manager,50.0,15.0,15.0,15.0,15.0,15.0,15.0
1.0,33,0.3,Cybersecurity Architect,40.0,11.999999999999998,11.999999999999998,11.999999999999998,11.999999999999998,11.999999999999998,11.999999999999998
1.0,33,0.3,Cybersecurity Auditor,12.5,3.75,3.75,3.75,3.75,3.75,3.75
1.0,33,0.3,"Cyber Legal, Policy & Compliance Officer",0.0,0.0,0.0,0.0,0.0,0.0,0.0
1.0,33,0.3,Cybersecurity Educator,37.5,11.249999999999998,11.249999999999998,11.249999999999998,11.249999999999998,11.249999999999998,11.249999999999998
1.0,33,0.3,Chief Information Security Officer (CISO),9.090909090909092,2.727272727272727,2.727272727272727,2.727272727272727,2.727272727272727,2.727272727272727,2.727272727272727
1.0,33,0.3,Cybersecurity Researcher,0.0,0.0,0.0,0.0,0.0,0.0,0.0
1.0,33,0.1,Penetration Tester,68.08333333333333,6.8083333333333345,6.8083333333333345,6.8083333333333345,6.8083333333333345,6.8083333333333345,6.8083333333333345
1.0,33,0.1,Cybersecurity Implementer,66.72727272727272,6.672727272727273,6.672727272727273,6.672727272727273,6.672727272727273,6.672727272727273,6.672727272727273
1.0,33,0.1,Cyber Threat Intelligence Specialist,56.46153846153846,5.646153846153846,5.646153846153846,5.646153846153846,5.646153846153846,5.646153846153846,5.646153846153846
1.0,33,0.1,Cyber Incident Responder,41.07692307692308,4.107692307692308,4.107692307692308,4.107692307692308,4.107692307692308,4.107692307692308,4.107692307692308
1.0,33,0.1,Digital Forensics Investigator,41.07692307692308,4.107692307692308,4.107692307692308,4.107692307692308,4.107692307692308,4.107692307692308,4.107692307692308
1.0,33,0.1,Cybersecurity Risk Manager,50.0,5.0,5.0,5.0,5.0,5.0,5.0
1.0,33,0.1,Cybersecurity Architect,40.0,4.000000000000001,4.000000000000001,4.000000000000001,4.000000000000001,4.000000000000001,4.000000000000001
1.0,33,0.1,Cybersecurity Auditor,12.5,1.25,1.25,1.25,1.25,1.25,1.25
1.0,33,0.1,"Cyber Legal, Policy & Compliance Officer",0.0,0.0,0.0,0.0,0.0,0.0,0.0
1.0,33,0.1,Cybersecurity Educator,37.5,3.7500000000000004,3.7500000000000004,3.7500000000000004,3.7500000000000004,3.7500000000000004,3.7500000000000004
1.0,33,0.1,Chief Information Security Officer (CISO),9.090909090909092,0.9090909090909092,0.9090909090909092,0.9090909090909092,0.9090909090909092,0.9090909090909092,0.9090909090909092
1.0,33,0.1,Cybersecurity Researcher,0.0,0.0,0.0,0.0,0.0,0.0,0.0
