role,published_percent,reconstructed_published_percent,ecsf_consistent_percent,published_minus_ecsf_consistent_pp
Penetration Tester,68.1,68.08333333333333,68.08333333333333,0.01666666666666572
Cybersecurity Implementer,66.7,66.72727272727272,66.72727272727272,-0.02727272727271668
Cyber Threat Intelligence Specialist,56.5,56.46153846153846,56.46153846153846,0.0384615384615401
Cyber Incident Responder,41.1,41.07692307692308,41.07692307692308,0.02307692307692122
Digital Forensics Investigator,36.2,36.166666666666664,41.07692307692308,-4.876923076923077
Cybersecurity Risk Manager,50.0,50.0,50.0,0.0
Cybersecurity Architect,40.0,40.0,40.0,0.0
Cybersecurity Auditor,12.5,12.5,12.5,0.0
"Cyber Legal, Policy & Compliance Officer",0.0,0.0,0.0,0.0
Cybersecurity Educator,37.5,37.5,37.5,0.0
Chief Information Security Officer (CISO),9.1,9.090909090909092,9.090909090909092,0.009090909090907928
Cybersecurity Researcher,0.0,0.0,0.0,0.0
