alpha,q_reclassified_specific_to_conceptual,n_reclassified_mappings,beta_conceptual_weight,samples,tau_mean,tau_median,tau_p05,tau_p95,fraction_Pat3_equals_1,fraction_same_nominal_top3_set,fraction_same_nominal_top3_order,status
0.0,0.1,3,0.0,5000,0.8120181281334419,0.8308675641104959,0.6878359394287946,0.8308675641104959,0.9138,0.9138,0.8988,valid
0.0,0.1,3,0.25,5000,0.8167550888021198,0.8308675641104959,0.67700320038633,0.8308675641104959,0.9886,0.9886,0.905,valid
0.0,0.1,3,0.5,5000,0.8251561189290547,0.8308675641104959,0.7693218186208295,0.8308675641104959,1.0,1.0,0.905,valid
0.0,0.1,3,0.75,5000,0.8284303525891049,0.8308675641104959,0.8000946913656627,0.8308675641104959,1.0,1.0,1.0,valid
0.0,0.1,3,1.0,5000,0.8308675641104958,0.8308675641104959,0.8308675641104959,0.8308675641104959,1.0,1.0,1.0,valid
0.0,0.25,8,0.0,5000,0.7677444266823188,0.8308675641104959,0.5002443195845779,0.8308675641104959,0.7254,0.7254,0.6548,valid
0.0,0.25,8,0.25,5000,0.7829504696943055,0.8308675641104959,0.5539117094069973,0.8308675641104959,0.8904,0.8904,0.713,valid
0.0,0.25,8,0.5,5000,0.811801056028444,0.8308675641104959,0.7077760731311632,0.8308675641104959,0.987,0.987,0.714,valid
0.0,0.25,8,0.75,5000,0.824667293588597,0.8308675641104959,0.8000946913656627,0.8308675641104959,1.0,1.0,0.9904,valid
0.0,0.25,8,1.0,5000,0.8308675641104958,0.8308675641104959,0.8308675641104959,0.8308675641104959,1.0,1.0,1.0,valid
0.0,0.5,16,0.0,5000,0.6838027479404493,0.7077760731311632,0.4615930911724977,0.8441622892989752,0.3738,0.3738,0.2318,valid
0.0,0.5,16,0.25,5000,0.7153884946613341,0.7693218186208295,0.4615930911724977,0.8308675641104959,0.581,0.581,0.3544,valid
0.0,0.5,16,0.5,5000,0.7809740290452433,0.8000946913656627,0.67700320038633,0.8308675641104959,0.8458,0.8458,0.3874,valid
0.0,0.5,16,0.75,5000,0.8199024037082631,0.8308675641104959,0.7693218186208295,0.8308675641104959,1.0,1.0,0.8924,valid
0.0,0.5,16,1.0,5000,0.8308675641104958,0.8308675641104959,0.8308675641104959,0.8308675641104959,1.0,1.0,1.0,valid
0.0,0.75,25,0.0,5000,0.5676919466259335,0.5539117094069973,0.33598515955599784,0.7852322109186564,0.0534,0.0534,0.0194,valid
0.0,0.75,25,0.25,5000,0.641118501535075,0.6462303276414968,0.4615930911724977,0.8000946913656627,0.155,0.155,0.0622,valid
0.0,0.75,25,0.5,5000,0.7343124436041466,0.7481134002767625,0.6259724369662707,0.8308675641104959,0.456,0.456,0.1326,valid
0.0,0.75,25,0.75,5000,0.8103468332855897,0.8091838819320085,0.7693218186208295,0.8397191227596315,1.0,1.0,0.5756,valid
0.0,0.75,25,1.0,5000,0.8308675641104958,0.8308675641104959,0.8308675641104959,0.8308675641104959,1.0,1.0,1.0,valid
0.0,1.0,33,0.0,1,,,,,,,,degenerate_all_mappings_removed
0.0,1.0,33,0.25,1,0.8308675641104959,0.8308675641104959,0.8308675641104959,0.8308675641104959,1.0,1.0,1.0,valid
0.0,1.0,33,0.5,1,0.8308675641104959,0.8308675641104959,0.8308675641104959,0.8308675641104959,1.0,1.0,1.0,valid
0.0,1.0,33,0.75,1,0.8308675641104959,0.8308675641104959,0.8308675641104959,0.8308675641104959,1.0,1.0,1.0,valid
0.0,1.0,33,1.0,1,0.8308675641104959,0.8308675641104959,0.8308675641104959,0.8308675641104959,1.0,1.0,1.0,valid
0.5,0.1,3,0.0,5000,0.8050547438126155,0.8308675641104959,0.5940401295066863,0.8397191227596315,0.9066,0.9066,0.8942,valid
0.5,0.1,3,0.25,5000,0.8091990212508936,0.8308675641104959,0.6462303276414968,0.8397191227596315,0.9144,0.9144,0.8946,valid
0.5,0.1,3,0.5,5000,0.8203649164716906,0.8308675641104959,0.7077760731311632,0.8397191227596315,0.9942,0.9942,0.9002,valid
0.5,0.1,3,0.75,5000,0.8265135026963435,0.8308675641104959,0.7693218186208295,0.8397191227596315,1.0,1.0,0.9136,valid
0.5,0.1,3,1.0,5000,0.8308675641104958,0.8308675641104959,0.8308675641104959,0.8308675641104959,1.0,1.0,1.0,valid
0.5,0.25,8,0.0,5000,0.750822808397309,0.8000946913656627,0.5231388366621641,0.8397191227596315,0.6942,0.6942,0.6206,valid
0.5,0.25,8,0.25,5000,0.7613263513791236,0.8000946913656627,0.5343667144834018,0.8397191227596315,0.7366,0.7366,0.6258,valid
0.5,0.25,8,0.5,5000,0.7944531461188994,0.8308675641104959,0.6565076777938936,0.8397191227596315,0.9368,0.9368,0.6736,valid
0.5,0.25,8,0.75,5000,0.8165851380392795,0.8308675641104959,0.7693218186208295,0.8397191227596315,1.0,1.0,0.746,valid
0.5,0.25,8,1.0,5000,0.8308675641104958,0.8308675641104959,0.8308675641104959,0.8308675641104959,1.0,1.0,1.0,valid
0.5,0.5,16,0.0,5000,0.6610472181168556,0.6870429186215167,0.4615930911724977,0.8308675641104959,0.3268,0.3268,0.1876,valid
0.5,0.5,16,0.25,5000,0.6850030023832833,0.7077760731311632,0.4732962328281559,0.8308675641104959,0.4396,0.4396,0.2182,valid
0.5,0.5,16,0.5,5000,0.7420861766133521,0.7481134002767625,0.5954371961386478,0.8397191227596315,0.719,0.719,0.303,valid
0.5,0.5,16,0.75,5000,0.7898065374789461,0.8000946913656627,0.6870429186215167,0.8397191227596315,1.0,1.0,0.495,valid
0.5,0.5,16,1.0,5000,0.8308675641104958,0.8308675641104959,0.8308675641104959,0.8308675641104959,1.0,1.0,1.0,valid
0.5,0.75,25,0.0,5000,0.5478630831778785,0.5343667144834018,0.3206200286900411,0.7786486411043855,0.055,0.055,0.0204,valid
0.5,0.75,25,0.25,5000,0.6253271726112031,0.6154574548966636,0.4732962328281559,0.8000946913656627,0.144,0.144,0.0406,valid
0.5,0.75,25,0.5,5000,0.6966474081684564,0.6870429186215167,0.5649019553110248,0.8091838819320085,0.4106,0.4106,0.092,valid
0.5,0.75,25,0.75,5000,0.7660059669070927,0.7786486411043855,0.6565076777938936,0.8397191227596315,1.0,1.0,0.2988,valid
0.5,0.75,25,1.0,5000,0.8308675641104958,0.8308675641104959,0.8308675641104959,0.8308675641104959,1.0,1.0,1.0,valid
0.5,1.0,33,0.0,1,,,,,,,,degenerate_all_mappings_removed
0.5,1.0,33,0.25,1,0.8308675641104959,0.8308675641104959,0.8308675641104959,0.8308675641104959,1.0,1.0,1.0,valid
0.5,1.0,33,0.5,1,0.8308675641104959,0.8308675641104959,0.8308675641104959,0.8308675641104959,1.0,1.0,1.0,valid
0.5,1.0,33,0.75,1,0.8308675641104959,0.8308675641104959,0.8308675641104959,0.8308675641104959,1.0,1.0,1.0,valid
0.5,1.0,33,1.0,1,0.8308675641104959,0.8308675641104959,0.8308675641104959,0.8308675641104959,1.0,1.0,1.0,valid
1.0,0.1,3,0.0,5000,0.7849779052067515,0.8308675641104959,0.5002443195845779,0.8308675641104959,0.83,0.83,0.7406,valid
1.0,0.1,3,0.25,5000,0.7921632067941645,0.8308675641104959,0.5539117094069973,0.8308675641104959,0.9074,0.9074,0.8174,valid
1.0,0.1,3,0.5,5000,0.8042885502752322,0.8308675641104959,0.7077760731311632,0.8308675641104959,0.9886,0.9886,0.8228,valid
1.0,0.1,3,0.75,5000,0.8101988190422793,0.8308675641104959,0.7077760731311632,0.8308675641104959,1.0,1.0,0.8364,valid
1.0,0.1,3,1.0,5000,0.8308675641104958,0.8308675641104959,0.8308675641104959,0.8308675641104959,1.0,1.0,1.0,valid
1.0,0.25,8,0.0,5000,0.7144023986744733,0.7481134002767625,0.5002443195845779,0.8308675641104959,0.5578,0.5578,0.395,valid
1.0,0.25,8,0.25,5000,0.7321035563898839,0.7693218186208295,0.5231388366621641,0.8308675641104959,0.7124,0.7124,0.5304,valid
1.0,0.25,8,0.5,5000,0.7605336473167036,0.7693218186208295,0.6259724369662707,0.8308675641104959,0.8928,0.8928,0.5702,valid
1.0,0.25,8,0.75,5000,0.779007018082588,0.8091838819320085,0.6462303276414968,0.8308675641104959,0.9976,0.9976,0.6438,valid
1.0,0.25,8,1.0,5000,0.8308675641104958,0.8308675641104959,0.8308675641104959,0.8308675641104959,1.0,1.0,1.0,valid
1.0,0.5,16,0.0,5000,0.6329373325207571,0.6462303276414968,0.4615930911724977,0.8000946913656627,0.2546,0.2546,0.1118,valid
1.0,0.5,16,0.25,5000,0.66056124782485,0.67700320038633,0.4732962328281559,0.8091838819320085,0.4092,0.4092,0.1868,valid
1.0,0.5,16,0.5,5000,0.7066758479315494,0.7126771162901514,0.5846845821518305,0.8091838819320085,0.6422,0.6422,0.2362,valid
1.0,0.5,16,0.75,5000,0.7446403038409216,0.7481134002767625,0.6462303276414968,0.8308675641104959,0.9734,0.9734,0.3892,valid
1.0,0.5,16,1.0,5000,0.8308675641104958,0.8308675641104959,0.8308675641104959,0.8308675641104959,1.0,1.0,1.0,valid
1.0,0.75,25,0.0,5000,0.5282856653667076,0.5231388366621641,0.3126526997403612,0.7503664793768668,0.0514,0.0514,0.0202,valid
1.0,0.75,25,0.25,5000,0.6082913058856899,0.5954371961386478,0.4732962328281559,0.7786486411043855,0.1264,0.1264,0.0338,valid
1.0,0.75,25,0.5,5000,0.6748265420833254,0.67700320038633,0.5649019553110248,0.8000946913656627,0.4012,0.4012,0.067,valid
1.0,0.75,25,0.75,5000,0.7324072451272695,0.7385489458759964,0.6565076777938936,0.8308675641104959,0.9176,0.9176,0.2128,valid
1.0,0.75,25,1.0,5000,0.8308675641104958,0.8308675641104959,0.8308675641104959,0.8308675641104959,1.0,1.0,1.0,valid
1.0,1.0,33,0.0,1,,,,,,,,degenerate_all_mappings_removed
1.0,1.0,33,0.25,1,0.8308675641104959,0.8308675641104959,0.8308675641104959,0.8308675641104959,1.0,1.0,1.0,valid
1.0,1.0,33,0.5,1,0.8308675641104959,0.8308675641104959,0.8308675641104959,0.8308675641104959,1.0,1.0,1.0,valid
1.0,1.0,33,0.75,1,0.8308675641104959,0.8308675641104959,0.8308675641104959,0.8308675641104959,1.0,1.0,1.0,valid
1.0,1.0,33,1.0,1,0.8308675641104959,0.8308675641104959,0.8308675641104959,0.8308675641104959,1.0,1.0,1.0,valid
2.0,0.1,3,0.0,5000,0.7314312707689806,0.7693218186208295,0.5002443195845779,0.7693218186208295,0.83,0.83,0.6674,valid
2.0,0.1,3,0.25,5000,0.736109385989305,0.7693218186208295,0.5539117094069973,0.7693218186208295,0.8306,0.8306,0.6674,valid
2.0,0.1,3,0.5,5000,0.7442851560333568,0.7693218186208295,0.6154574548966636,0.7693218186208295,0.9174,0.9174,0.7432,valid
2.0,0.1,3,0.75,5000,0.7475793979324089,0.7693218186208295,0.6462303276414968,0.7693218186208295,1.0,1.0,0.7568,valid
2.0,0.1,3,1.0,5000,0.7693218186208295,0.7693218186208295,0.7693218186208295,0.7693218186208295,1.0,1.0,1.0,valid
2.0,0.25,8,0.0,5000,0.6767232359586893,0.7175781594491396,0.4923659639173309,0.7693218186208295,0.557,0.557,0.2994,valid
2.0,0.25,8,0.25,5000,0.6890356951362779,0.7175781594491396,0.5231388366621641,0.7693218186208295,0.5692,0.5692,0.3006,valid
2.0,0.25,8,0.5,5000,0.7116713167734512,0.7385489458759964,0.5954371961386478,0.7693218186208295,0.7896,0.7896,0.438,valid
2.0,0.25,8,0.75,5000,0.7231204171078406,0.7385489458759964,0.6462303276414968,0.7693218186208295,0.9892,0.9892,0.4962,valid
2.0,0.25,8,1.0,5000,0.7693218186208295,0.7693218186208295,0.7693218186208295,0.7693218186208295,1.0,1.0,1.0,valid
2.0,0.5,16,0.0,5000,0.6072458027949058,0.5954371961386478,0.43082021842766455,0.7693218186208295,0.2492,0.2492,0.0654,valid
2.0,0.5,16,0.25,5000,0.6383193134281991,0.6565076777938936,0.4923659639173309,0.7693218186208295,0.3254,0.3254,0.0786,valid
2.0,0.5,16,0.5,5000,0.6784175332731204,0.6870429186215167,0.5649019553110248,0.7786486411043855,0.5938,0.5938,0.1516,valid
2.0,0.5,16,0.75,5000,0.7054348580418348,0.7077760731311632,0.6462303276414968,0.7786486411043855,0.9108,0.9108,0.2328,valid
2.0,0.5,16,1.0,5000,0.7693218186208295,0.7693218186208295,0.7693218186208295,0.7693218186208295,1.0,1.0,1.0,valid
2.0,0.75,25,0.0,5000,0.49319043610554325,0.4732962328281559,0.27695585470349865,0.7407317712102527,0.0524,0.0524,0.0148,valid
2.0,0.75,25,0.25,5000,0.589944012489636,0.5649019553110248,0.4732962328281559,0.7693218186208295,0.123,0.123,0.0266,valid
2.0,0.75,25,0.5,5000,0.6526183846872564,0.6565076777938936,0.5649019553110248,0.7693218186208295,0.4056,0.4056,0.046,valid
2.0,0.75,25,0.75,5000,0.7061741003568254,0.6870429186215167,0.6462303276414968,0.8000946913656627,0.8628,0.8628,0.0872,valid
2.0,0.75,25,1.0,5000,0.7693218186208295,0.7693218186208295,0.7693218186208295,0.7693218186208295,1.0,1.0,1.0,valid
2.0,1.0,33,0.0,1,,,,,,,,degenerate_all_mappings_removed
2.0,1.0,33,0.25,1,0.7693218186208295,0.7693218186208295,0.7693218186208295,0.7693218186208295,1.0,1.0,1.0,valid
2.0,1.0,33,0.5,1,0.7693218186208295,0.7693218186208295,0.7693218186208295,0.7693218186208295,1.0,1.0,1.0,valid
2.0,1.0,33,0.75,1,0.7693218186208295,0.7693218186208295,0.7693218186208295,0.7693218186208295,1.0,1.0,1.0,valid
2.0,1.0,33,1.0,1,0.7693218186208295,0.7693218186208295,0.7693218186208295,0.7693218186208295,1.0,1.0,1.0,valid
3.0,0.1,3,0.0,5000,0.7107840038959339,0.7385489458759964,0.5002443195845779,0.7481134002767625,0.8306,0.8306,0.068,valid
3.0,0.1,3,0.25,5000,0.7155068645615216,0.7385489458759964,0.5539117094069973,0.7481134002767625,0.8308,0.8308,0.068,valid
3.0,0.1,3,0.5,5000,0.7231395587273776,0.7385489458759964,0.6154574548966636,0.7481134002767625,0.9174,0.9174,0.071,valid
3.0,0.1,3,0.75,5000,0.7263013941485092,0.7385489458759964,0.6462303276414968,0.7481134002767625,0.9942,0.9942,0.071,valid
3.0,0.1,3,1.0,5000,0.7385489458759963,0.7385489458759964,0.7385489458759964,0.7385489458759964,1.0,1.0,0.0,valid
3.0,0.25,8,0.0,5000,0.6659430591552876,0.7077760731311632,0.4923659639173309,0.7481134002767625,0.562,0.562,0.0816,valid
3.0,0.25,8,0.25,5000,0.6794030257292237,0.7077760731311632,0.5231388366621641,0.7481134002767625,0.5714,0.5714,0.0816,valid
3.0,0.25,8,0.5,5000,0.6993588410128905,0.7385489458759964,0.5954371961386478,0.7481134002767625,0.7892,0.7892,0.1148,valid
3.0,0.25,8,0.75,5000,0.7100990248251597,0.7385489458759964,0.6462303276414968,0.7481134002767625,0.9474,0.9474,0.1154,valid
3.0,0.25,8,1.0,5000,0.7385489458759963,0.7385489458759964,0.7385489458759964,0.7385489458759964,1.0,1.0,0.0,valid
3.0,0.5,16,0.0,5000,0.5972564400885494,0.5954371961386478,0.41222575117291,0.7481134002767625,0.269,0.269,0.0312,valid
3.0,0.5,16,0.25,5000,0.632378129577684,0.6462303276414968,0.4923659639173309,0.7481134002767625,0.336,0.336,0.0338,valid
3.0,0.5,16,0.5,5000,0.6691927372882407,0.67700320038633,0.5649019553110248,0.7481134002767625,0.5688,0.5688,0.0726,valid
3.0,0.5,16,0.75,5000,0.6977255291484938,0.6870429186215167,0.6259724369662707,0.7786486411043855,0.8424,0.8424,0.084,valid
3.0,0.5,16,1.0,5000,0.7385489458759963,0.7385489458759964,0.7385489458759964,0.7385489458759964,1.0,1.0,0.0,valid
3.0,0.75,25,0.0,5000,0.4708867117069891,0.4615930911724977,0.22901430620717222,0.7288792981454688,0.05,0.05,0.011,valid
3.0,0.75,25,0.25,5000,0.5774622163088583,0.5649019553110248,0.4615930911724977,0.7481134002767625,0.1124,0.1124,0.0176,valid
3.0,0.75,25,0.5,5000,0.6416318692426428,0.6462303276414968,0.5539117094069973,0.7481134002767625,0.2532,0.2532,0.0444,valid
3.0,0.75,25,0.75,5000,0.695488262687702,0.6870429186215167,0.6462303276414968,0.7786486411043855,0.8502,0.8502,0.0768,valid
3.0,0.75,25,1.0,5000,0.7385489458759963,0.7385489458759964,0.7385489458759964,0.7385489458759964,1.0,1.0,0.0,valid
3.0,1.0,33,0.0,1,,,,,,,,degenerate_all_mappings_removed
3.0,1.0,33,0.25,1,0.7385489458759964,0.7385489458759964,0.7385489458759964,0.7385489458759964,1.0,1.0,0.0,valid
3.0,1.0,33,0.5,1,0.7385489458759964,0.7385489458759964,0.7385489458759964,0.7385489458759964,1.0,1.0,0.0,valid
3.0,1.0,33,0.75,1,0.7385489458759964,0.7385489458759964,0.7385489458759964,0.7385489458759964,1.0,1.0,0.0,valid
3.0,1.0,33,1.0,1,0.7385489458759964,0.7385489458759964,0.7385489458759964,0.7385489458759964,1.0,1.0,0.0,valid
