mapping_id,ecsf_knowledge
K1,Computer systems vulnerabilities
K1,Cybersecurity recommendations and best practices
K1,Offensive and defensive security practices
K1,Offensive and defensive security procedures
K1,Security architecture reference models
K2,Computer networks security
K2,Cybersecurity recommendations and best practices
K2,Offensive and defensive security practices
K2,Offensive and defensive security procedures
K2,Security architecture reference models
K3,Cybersecurity recommendations and best practices
K3,Offensive and defensive security practices
K3,Offensive and defensive security procedures
K3,Security architecture reference models
K4,Cybersecurity recommendations and best practices
K4,Offensive and defensive security practices
K4,Offensive and defensive security procedures
K5,Cybersecurity recommendations and best practices
K5,Offensive and defensive security practices
K5,Offensive and defensive security procedures
K6,Cybersecurity-related technologies
K7,Cybersecurity-related technologies
K8,Cybersecurity-related technologies
K9,Cybersecurity-related technologies
K10,Cybersecurity-related technologies
K11,Cybersecurity controls and solutions
K12,"Cybersecurity awareness, education and training programme development"
K13,Cybersecurity controls and solutions
K13,Cybersecurity-related technologies
K14,Cybersecurity controls and solutions
K14,Cybersecurity-related technologies
K15,Computer networks security
K16,Computer Security Incident Response Teams (CSIRTs) operation
K17,Computer Security Incident Response Teams (CSIRTs) operation
K18,Computer Security Incident Response Teams (CSIRTs) operation
K19,Computer Security Incident Response Teams (CSIRTs) operation
K20,Computer Security Incident Response Teams (CSIRTs) operation
K21,Advanced and persistent cyber threats (APT)
K22,Computer Security Incident Response Teams (CSIRTs) operation
K23,Computer Security Incident Response Teams (CSIRTs) operation
K24,Computer Security Incident Response Teams (CSIRTs) operation
K24,Cybersecurity controls and solutions
K24,Cybersecurity-related technologies
K25,Computer Security Incident Response Teams (CSIRTs) operation
K25,Cybersecurity controls and solutions
K25,Cybersecurity-related technologies
K26,Offensive and defensive security practices
K26,Offensive and defensive security procedures
K26,Penetration testing procedures
K26,Penetration testing tools
K26,Testing procedures
K26,"Testing standards, methodologies and frameworks"
K27,Penetration testing tools
K27,Penetration testing procedures
K27,"Testing standards, methodologies and frameworks"
K28,Cyber threat actors
K28,Cyber threats
K28,Cybersecurity attack procedures
K28,Cybersecurity risks
K28,"Threat actors Tactics, Techniques and Procedures (TTPs)"
K29,Computer systems vulnerabilities
K29,"Penetration testing standards, methodologies and frameworks"
K30,
K31,Computer systems vulnerabilities
K31,Operating systems security
K31,"Penetration testing standards, methodologies and frameworks"
K31,Penetration testing tools
K31,Testing procedures
K31,"Testing standards, methodologies and frameworks"
K32,Computer systems vulnerabilities
K32,"Penetration testing standards, methodologies and frameworks"
K32,Penetration testing tools
K32,Testing procedures
K32,"Testing standards, methodologies and frameworks"
K33,Computer systems vulnerabilities
K33,"Penetration testing standards, methodologies and frameworks"
K33,Penetration testing tools
K33,Testing procedures
K33,"Testing standards, methodologies and frameworks"
K34,Computer systems vulnerabilities
K34,"Penetration testing standards, methodologies and frameworks"
K34,Penetration testing tools
K34,Testing procedures
K34,"Testing standards, methodologies and frameworks"
