ecsf_knowledge,score
Advanced and persistent cyber threats (APT),0.5
"Auditing standards, methodologies and frameworks",0.45
Computer networks security,0.9
Computer programming,0.5
Computer Security Incident Response Teams (CSIRTs) operation,0.5
Computer systems vulnerabilities,0.7
"Conformity assessment standards, methodologies and frameworks",0.2
"Criminal investigation procedures, standards, methodologies and frameworks",0.2
Cross-domain and border-domain knowledge related to cybersecurity,0.2
Cyber threat actors,0.3
"Cyber Threat Intelligence (CTI) sharing standards, methodologies and frameworks",0.4
Cyber threats,0.8
Cybersecurity attack procedures,0.8
"Cybersecurity awareness, education and training programme development",0.2
Cybersecurity controls and solutions,0.4
Cybersecurity maturity models,0.2
Cybersecurity policies,0.2
Cybersecurity procedures,0.2
Cybersecurity recommendations and best practices,0.5
"Cybersecurity related laws, regulations and legislations",0.3
Cybersecurity risks,0.3
"Cybersecurity standards, methodologies and frameworks",0.4
Cybersecurity trends,0.2
Cybersecurity-related certifications,0.3
Cybersecurity-related requirements analysis,0.2
"Cybersecurity-related research, development and innovation (RDI)",0.2
Cybersecurity-related technologies,0.4
Digital forensics analysis procedures,0.2
Digital forensics recommendations and best practices,0.2
"Digital forensics standards, methodologies and frameworks",0.2
Ethical cybersecurity organisation requirements,0.7
Incident handling communication procedures,0.25
Incident handling recommendations and best practices,0.25
"Incident handling standards, methodologies and frameworks",0.25
Incident handling tools,0.25
Information technology (IT) and operational technology (OT) appliances,0.4
Legacy cybersecurity procedures,0.25
"Legal, regulatory and legislative compliance requirements, recommendations and best practices",0.25
"Legal, regulatory and legislative requirements on releasing or using cybersecurity related technologies",0.25
Malware analysis tools,0.25
"Monitoring, testing and evaluating cybersecurity controls' effectiveness",0.6
Multidiscipline aspect of cybersecurity,0.3
Offensive and defensive security practices,0.8
Offensive and defensive security procedures,0.8
Operating systems security,0.3
"Pedagogical standards, methodologies and frameworks",0.1
Penetration testing procedures,0.8
"Penetration testing standards, methodologies and frameworks",0.8
Penetration testing tools,0.8
"Privacy impact assessment standards, methodologies and frameworks",0.25
Privacy-Enhancing Technologies (PET),0.3
Responsible information disclosure procedures,0.2
Risk management recommendations and best practices,0.2
"Risk management standards, methodologies and frameworks",0.2
Secure coding recommendations and best practices,0.6
Secure development lifecycle,0.35
Secure Operation Centres (SOCs) operation,0.35
Security architecture reference models,0.3
Testing procedures,0.6
"Testing standards, methodologies and frameworks",0.3
"Threat actors Tactics, Techniques and Procedures (TTPs)",0.6
